participant_uid,condition,post_correctness,mid_correctness,pre_correctness,post_minus_mid,post_minus_pre
both_00015,both,0.85,0.65,0.65,0.19999999999999996,0.19999999999999996
both_00016,both,0.6,0.8,0.75,-0.20000000000000007,-0.15000000000000002
both_00017,both,0.65,0.5,0.55,0.15000000000000002,0.09999999999999998
both_00018,both,0.7,0.8,0.8,-0.10000000000000009,-0.10000000000000009
both_00019,both,0.5,0.55,0.5,-0.050000000000000044,0.0
both_00020,both,0.45,0.25,0.45,0.2,0.0
both_00022,both,0.5,0.85,0.55,-0.35,-0.050000000000000044
both_00024,both,0.9,0.9,0.8,0.0,0.09999999999999998
both_00025,both,0.6,0.8,0.55,-0.20000000000000007,0.04999999999999993
both_00026,both,0.35,0.55,0.6,-0.20000000000000007,-0.25
both_00027,both,0.85,0.8,0.9,0.04999999999999993,-0.050000000000000044
both_00028,both,0.5,0.65,0.6,-0.15000000000000002,-0.09999999999999998
both_00029,both,0.55,0.65,0.6,-0.09999999999999998,-0.04999999999999993
both_00030,both,0.3,0.4,0.4,-0.10000000000000003,-0.10000000000000003
both_00031,both,0.65,0.55,0.7,0.09999999999999998,-0.04999999999999993
both_00032,both,0.7,0.9,0.8,-0.20000000000000007,-0.10000000000000009
both_00033,both,0.65,0.7,0.45,-0.04999999999999993,0.2
both_00034,both,0.35,0.55,0.65,-0.20000000000000007,-0.30000000000000004
both_00036,both,0.7,0.65,0.55,0.04999999999999993,0.1499999999999999
both_00037,both,0.75,0.85,0.95,-0.09999999999999998,-0.19999999999999996
both_00038,both,0.45,0.4,0.45,0.04999999999999999,0.0
both_00039,both,0.85,0.85,0.8,0.0,0.04999999999999993
both_00040,both,0.75,0.9,0.65,-0.15000000000000002,0.09999999999999998
both_00041,both,0.4,0.3,0.7,0.10000000000000003,-0.29999999999999993
both_00042,both,0.3,0.65,0.65,-0.35000000000000003,-0.35000000000000003
both_00043,both,0.4,0.6,0.55,-0.19999999999999996,-0.15000000000000002
both_00044,both,0.7,0.95,0.9,-0.25,-0.20000000000000007
both_00045,both,0.75,0.5,0.55,0.25,0.19999999999999996
both_00046,both,0.65,0.8,0.75,-0.15000000000000002,-0.09999999999999998
both_00047,both,0.65,0.7,0.6,-0.04999999999999993,0.050000000000000044
both_00049,both,0.45,0.4,0.45,0.04999999999999999,0.0
both_00050,both,0.65,0.65,0.75,0.0,-0.09999999999999998
both_00051,both,0.55,0.8,0.55,-0.25,0.0
both_00052,both,0.9,0.6,0.7,0.30000000000000004,0.20000000000000007
both_00053,both,0.6,0.75,0.4,-0.15000000000000002,0.19999999999999996
both_00054,both,0.8,0.9,0.85,-0.09999999999999998,-0.04999999999999993
both_00055,both,0.55,0.7,0.55,-0.1499999999999999,0.0
both_00056,both,0.6,0.7,0.65,-0.09999999999999998,-0.050000000000000044
both_00057,both,0.6,0.6,0.7,0.0,-0.09999999999999998
both_00058,both,0.5,0.6,0.65,-0.09999999999999998,-0.15000000000000002
both_00059,both,0.65,0.7,0.8,-0.04999999999999993,-0.15000000000000002
both_00060,both,0.5,0.65,0.65,-0.15000000000000002,-0.15000000000000002
both_00061,both,0.55,0.55,0.65,0.0,-0.09999999999999998
both_00062,both,0.7,0.8,0.95,-0.10000000000000009,-0.25
both_00063,both,0.6,0.75,0.6,-0.15000000000000002,0.0
both_00064,both,0.35,0.75,0.45,-0.4,-0.10000000000000003
both_00065,both,0.45,0.75,0.75,-0.3,-0.3
both_00066,both,0.85,0.75,0.9,0.09999999999999998,-0.050000000000000044
both_00067,both,0.85,0.9,0.8,-0.050000000000000044,0.04999999999999993
item_only_00001,item_only,0.75,0.7,0.6,0.050000000000000044,0.15000000000000002
item_only_00002,item_only,0.55,0.65,0.55,-0.09999999999999998,0.0
item_only_00003,item_only,0.5,0.5,0.65,0.0,-0.15000000000000002
item_only_00004,item_only,0.75,0.65,0.6,0.09999999999999998,0.15000000000000002
item_only_00005,item_only,0.65,0.75,0.9,-0.09999999999999998,-0.25
item_only_00006,item_only,0.7,0.9,0.7,-0.20000000000000007,0.0
item_only_00007,item_only,0.75,0.95,0.8,-0.19999999999999996,-0.050000000000000044
item_only_00008,item_only,0.9,0.7,0.7,0.20000000000000007,0.20000000000000007
item_only_00009,item_only,0.4,0.9,0.55,-0.5,-0.15000000000000002
item_only_00010,item_only,0.75,0.7,0.7,0.050000000000000044,0.050000000000000044
item_only_00011,item_only,0.85,0.65,0.8,0.19999999999999996,0.04999999999999993
item_only_00012,item_only,0.35,0.4,0.35,-0.050000000000000044,0.0
item_only_00013,item_only,0.55,0.7,0.7,-0.1499999999999999,-0.1499999999999999
item_only_00014,item_only,0.45,0.45,0.55,0.0,-0.10000000000000003
item_only_00015,item_only,0.9,0.6,0.7,0.30000000000000004,0.20000000000000007
item_only_00016,item_only,1.0,0.85,0.85,0.15000000000000002,0.15000000000000002
item_only_00017,item_only,0.75,0.7,0.65,0.050000000000000044,0.09999999999999998
item_only_00018,item_only,0.85,0.95,0.8,-0.09999999999999998,0.04999999999999993
item_only_00019,item_only,0.8,0.6,0.75,0.20000000000000007,0.050000000000000044
item_only_00020,item_only,0.65,0.8,0.65,-0.15000000000000002,0.0
item_only_00021,item_only,0.8,0.65,0.75,0.15000000000000002,0.050000000000000044
item_only_00022,item_only,0.65,0.6,0.75,0.050000000000000044,-0.09999999999999998
item_only_00023,item_only,0.6,0.75,0.6,-0.15000000000000002,0.0
item_only_00024,item_only,0.55,0.8,0.6,-0.25,-0.04999999999999993
item_only_00025,item_only,0.75,0.65,0.75,0.09999999999999998,0.0
item_only_00026,item_only,0.7,0.65,0.85,0.04999999999999993,-0.15000000000000002
item_only_00027,item_only,0.55,0.8,0.7,-0.25,-0.1499999999999999
item_only_00028,item_only,0.95,0.9,0.85,0.04999999999999993,0.09999999999999998
item_only_00029,item_only,0.45,0.35,0.4,0.10000000000000003,0.04999999999999999
item_only_00030,item_only,0.65,0.7,0.85,-0.04999999999999993,-0.19999999999999996
item_only_00031,item_only,0.9,0.95,0.9,-0.04999999999999993,0.0
item_only_00032,item_only,0.35,0.4,0.6,-0.050000000000000044,-0.25
item_only_00033,item_only,0.55,0.5,0.75,0.050000000000000044,-0.19999999999999996
item_only_00034,item_only,0.7,0.75,0.85,-0.050000000000000044,-0.15000000000000002
item_only_00035,item_only,0.7,0.55,0.5,0.1499999999999999,0.19999999999999996
item_only_00036,item_only,0.9,0.85,0.8,0.050000000000000044,0.09999999999999998
item_only_00037,item_only,0.85,0.8,0.9,0.04999999999999993,-0.050000000000000044
item_only_00038,item_only,0.5,0.7,0.7,-0.19999999999999996,-0.19999999999999996
item_only_00039,item_only,0.9,0.6,0.65,0.30000000000000004,0.25
item_only_00040,item_only,0.5,0.55,0.7,-0.050000000000000044,-0.19999999999999996
item_only_00041,item_only,0.7,0.8,0.65,-0.10000000000000009,0.04999999999999993
item_only_00042,item_only,0.35,0.55,0.35,-0.20000000000000007,0.0
item_only_00043,item_only,0.55,0.3,0.25,0.25000000000000006,0.30000000000000004
item_only_00044,item_only,0.6,0.5,0.6,0.09999999999999998,0.0
item_only_00045,item_only,0.9,0.7,0.85,0.20000000000000007,0.050000000000000044
item_only_00046,item_only,0.95,0.85,0.9,0.09999999999999998,0.04999999999999993
item_only_00047,item_only,0.65,0.75,0.65,-0.09999999999999998,0.0
item_only_00048,item_only,0.9,0.85,0.65,0.050000000000000044,0.25
item_only_00049,item_only,0.3,0.6,0.6,-0.3,-0.3
item_only_00050,item_only,0.75,0.95,0.65,-0.19999999999999996,0.09999999999999998
item_only_00051,item_only,0.8,0.75,0.6,0.050000000000000044,0.20000000000000007
item_only_00052,item_only,0.5,0.55,0.4,-0.050000000000000044,0.09999999999999998
item_only_00053,item_only,0.4,0.5,0.45,-0.09999999999999998,-0.04999999999999999
item_only_00054,item_only,0.4,0.35,0.35,0.050000000000000044,0.050000000000000044
item_only_00055,item_only,0.65,0.7,0.55,-0.04999999999999993,0.09999999999999998
item_only_00056,item_only,0.75,0.5,0.6,0.25,0.15000000000000002
task_only_00019,task_only,0.6,0.8,0.9,-0.20000000000000007,-0.30000000000000004
task_only_00020,task_only,0.7,0.85,0.75,-0.15000000000000002,-0.050000000000000044
task_only_00021,task_only,0.55,0.5,0.6,0.050000000000000044,-0.04999999999999993
task_only_00022,task_only,0.85,0.75,0.9,0.09999999999999998,-0.050000000000000044
task_only_00023,task_only,0.7,0.65,0.8,0.04999999999999993,-0.10000000000000009
task_only_00024,task_only,0.75,0.7,0.7,0.050000000000000044,0.050000000000000044
task_only_00025,task_only,0.45,0.7,0.7,-0.24999999999999994,-0.24999999999999994
task_only_00026,task_only,0.75,0.95,0.7,-0.19999999999999996,0.050000000000000044
task_only_00027,task_only,0.5,0.6,0.9,-0.09999999999999998,-0.4
task_only_00028,task_only,0.75,0.8,0.9,-0.050000000000000044,-0.15000000000000002
task_only_00029,task_only,0.65,0.6,0.75,0.050000000000000044,-0.09999999999999998
task_only_00030,task_only,0.25,0.3,0.3,-0.04999999999999999,-0.04999999999999999
task_only_00032,task_only,0.35,0.65,0.4,-0.30000000000000004,-0.050000000000000044
task_only_00033,task_only,0.8,0.75,0.7,0.050000000000000044,0.10000000000000009
task_only_00034,task_only,0.25,0.4,0.35,-0.15000000000000002,-0.09999999999999998
task_only_00035,task_only,0.65,0.6,0.6,0.050000000000000044,0.050000000000000044
task_only_00036,task_only,0.3,0.55,0.65,-0.25000000000000006,-0.35000000000000003
task_only_00037,task_only,0.75,0.7,0.65,0.050000000000000044,0.09999999999999998
task_only_00038,task_only,0.9,0.85,0.85,0.050000000000000044,0.050000000000000044
task_only_00039,task_only,0.75,0.75,0.8,0.0,-0.050000000000000044
task_only_00040,task_only,0.7,0.85,0.8,-0.15000000000000002,-0.10000000000000009
task_only_00041,task_only,0.4,0.35,0.3,0.050000000000000044,0.10000000000000003
task_only_00042,task_only,0.35,0.45,0.65,-0.10000000000000003,-0.30000000000000004
task_only_00043,task_only,0.75,0.55,0.65,0.19999999999999996,0.09999999999999998
task_only_00044,task_only,0.7,0.7,0.7,0.0,0.0
task_only_00045,task_only,0.65,0.5,0.5,0.15000000000000002,0.15000000000000002
task_only_00046,task_only,0.55,0.5,0.65,0.050000000000000044,-0.09999999999999998
task_only_00047,task_only,0.7,0.9,0.8,-0.20000000000000007,-0.10000000000000009
task_only_00048,task_only,0.25,0.65,0.7,-0.4,-0.44999999999999996
task_only_00049,task_only,0.7,0.55,0.55,0.1499999999999999,0.1499999999999999
task_only_00050,task_only,0.3,0.7,0.7,-0.39999999999999997,-0.39999999999999997
task_only_00051,task_only,0.7,0.65,0.55,0.04999999999999993,0.1499999999999999
task_only_00052,task_only,0.8,0.7,0.65,0.10000000000000009,0.15000000000000002
task_only_00053,task_only,0.6,0.65,0.65,-0.050000000000000044,-0.050000000000000044
task_only_00054,task_only,0.5,0.35,0.5,0.15000000000000002,0.0
task_only_00055,task_only,0.55,0.8,0.75,-0.25,-0.19999999999999996
task_only_00056,task_only,0.5,0.6,0.5,-0.09999999999999998,0.0
task_only_00057,task_only,0.5,0.5,0.6,0.0,-0.09999999999999998
task_only_00058,task_only,0.45,0.6,0.8,-0.14999999999999997,-0.35000000000000003
task_only_00059,task_only,0.7,0.9,0.9,-0.20000000000000007,-0.20000000000000007
task_only_00060,task_only,0.75,0.85,0.85,-0.09999999999999998,-0.09999999999999998
task_only_00061,task_only,0.95,0.75,0.85,0.19999999999999996,0.09999999999999998
task_only_00062,task_only,0.8,0.95,0.7,-0.1499999999999999,0.10000000000000009
task_only_00063,task_only,0.45,0.65,0.5,-0.2,-0.04999999999999999
task_only_00064,task_only,0.6,0.45,0.35,0.14999999999999997,0.25
task_only_00065,task_only,0.3,0.4,0.6,-0.10000000000000003,-0.3
task_only_00066,task_only,0.5,0.55,0.6,-0.050000000000000044,-0.09999999999999998
task_only_00067,task_only,0.8,0.65,0.9,0.15000000000000002,-0.09999999999999998
task_only_00068,task_only,0.65,0.7,0.75,-0.04999999999999993,-0.09999999999999998
task_only_00069,task_only,0.7,0.6,0.5,0.09999999999999998,0.19999999999999996
task_only_00070,task_only,0.6,0.4,0.45,0.19999999999999996,0.14999999999999997
task_only_00071,task_only,0.8,0.65,0.9,0.15000000000000002,-0.09999999999999998
task_only_00072,task_only,0.0,0.0,0.0,0.0,0.0
