participant_uid,condition,mean_encoding_rt_post,mean_target_correctness_post
both_00015,both,2.187874809999994,0.85
both_00016,both,1.6379847300004258,0.6
both_00017,both,2.4593353512820513,0.65
both_00018,both,1.372192774999712,0.7
both_00019,both,2.055579190001663,0.5
both_00020,both,1.7442143424992538,0.45
both_00022,both,2.073115735000002,0.5
both_00024,both,1.5830401250000024,0.9
both_00025,both,1.4264962675002153,0.6
both_00026,both,1.6601583900002879,0.35
both_00027,both,1.493527010000001,0.85
both_00028,both,1.5698373875000926,0.5
both_00029,both,2.0607043874996633,0.55
both_00030,both,2.8271550435898134,0.3
both_00031,both,1.9210138725014985,0.65
both_00032,both,2.1706283124996846,0.7
both_00033,both,2.479972254999848,0.65
both_00034,both,2.4501135874998,0.35
both_00036,both,1.5148547024989967,0.7
both_00037,both,2.6840385250005054,0.75
both_00038,both,1.3704811461562387,0.45
both_00039,both,1.6254423924998265,0.85
both_00040,both,1.6614669250004226,0.75
both_00041,both,1.967582187500011,0.4
both_00042,both,2.3358740824996858,0.3
both_00043,both,2.621974282500014,0.4
both_00044,both,1.8377961199999846,0.7
both_00045,both,1.9086332794865415,0.75
both_00046,both,1.5975295450014528,0.65
both_00047,both,1.703694400000677,0.65
both_00049,both,1.906735854994622,0.45
both_00050,both,1.6232720899948618,0.65
both_00051,both,1.8034938350101584,0.55
both_00052,both,2.283999137498904,0.9
both_00053,both,1.7362925424953572,0.6
both_00054,both,1.6830559550027828,0.8
both_00055,both,1.6907081549998566,0.55
both_00056,both,1.5835051199945156,0.6
both_00057,both,1.6409695675001785,0.6
both_00058,both,4.3008669124959855,0.5
both_00059,both,1.5561537074972875,0.65
both_00060,both,1.2644905850000001,0.5
both_00061,both,1.7861661925038788,0.55
both_00062,both,2.2204410175007068,0.7
both_00063,both,1.8754449499989279,0.6
both_00064,both,1.607176547498966,0.35
both_00065,both,2.277020110009471,0.45
both_00066,both,1.231516640004702,0.85
both_00067,both,2.1187793950011837,0.85
item_only_00001,item_only,1.3224775649995535,0.75
item_only_00002,item_only,2.7023204549998807,0.55
item_only_00003,item_only,1.920844484999907,0.5
item_only_00004,item_only,1.5919575250001798,0.75
item_only_00005,item_only,1.174885264999466,0.65
item_only_00006,item_only,1.3155591624999943,0.7
item_only_00007,item_only,3.806036775001121,0.75
item_only_00008,item_only,2.7990313974999994,0.9
item_only_00009,item_only,1.6780096275000687,0.4
item_only_00010,item_only,1.363470854999997,0.75
item_only_00011,item_only,1.6620349000001624,0.85
item_only_00012,item_only,2.1129879900003288,0.35
item_only_00013,item_only,2.013828827499985,0.55
item_only_00014,item_only,1.321765880000021,0.45
item_only_00015,item_only,2.115900073684172,0.9
item_only_00016,item_only,1.2279448350000166,1.0
item_only_00017,item_only,1.726970902486937,0.75
item_only_00018,item_only,1.5000825799997983,0.85
item_only_00019,item_only,1.680152037506923,0.8
item_only_00020,item_only,1.523840755000856,0.65
item_only_00021,item_only,2.1260592374994305,0.8
item_only_00022,item_only,2.8829647975,0.65
item_only_00023,item_only,1.6426992250038892,0.6
item_only_00024,item_only,1.3900804774981226,0.55
item_only_00025,item_only,1.4169663975011644,0.75
item_only_00026,item_only,1.2359196824982064,0.7
item_only_00027,item_only,1.2205250625011104,0.55
item_only_00028,item_only,1.7722620624979755,0.95
item_only_00029,item_only,1.6497297775058541,0.45
item_only_00030,item_only,1.331180299999869,0.65
item_only_00031,item_only,1.9260049775024526,0.9
item_only_00032,item_only,1.120172547500988,0.35
item_only_00033,item_only,2.013303907500813,0.55
item_only_00034,item_only,1.9335814425015996,0.7
item_only_00035,item_only,2.0796103675005724,0.7
item_only_00036,item_only,1.728624585000216,0.9
item_only_00037,item_only,1.6585634350012697,0.85
item_only_00038,item_only,0.9311821324954508,0.5
item_only_00039,item_only,1.4154623474976689,0.9
item_only_00040,item_only,1.1759451675068704,0.5
item_only_00041,item_only,1.9569056450025528,0.7
item_only_00042,item_only,1.5081408649944934,0.35
item_only_00043,item_only,1.473623972498899,0.55
item_only_00044,item_only,1.6868929615369639,0.6
item_only_00045,item_only,1.0719501150029829,0.9
item_only_00046,item_only,1.2686035575025016,0.95
item_only_00047,item_only,1.5431705999959378,0.65
item_only_00048,item_only,2.9184764274999764,0.9
item_only_00049,item_only,1.7924639675038634,0.3
item_only_00050,item_only,3.874044732499897,0.75
item_only_00051,item_only,1.6018593575019622,0.8
item_only_00052,item_only,1.8802499499999725,0.5
item_only_00053,item_only,2.163510852500167,0.4
item_only_00054,item_only,1.8957679949962767,0.4
item_only_00055,item_only,1.5324060650003957,0.65
item_only_00056,item_only,1.5464179574984882,0.75
task_only_00019,task_only,1.9862495275000356,0.6
task_only_00020,task_only,2.21069455750021,0.7
task_only_00021,task_only,2.49870298750011,0.55
task_only_00022,task_only,1.969437045000086,0.85
task_only_00023,task_only,2.2863296975003324,0.7
task_only_00024,task_only,2.202364969998962,0.75
task_only_00025,task_only,2.17738530000006,0.45
task_only_00026,task_only,2.566653070000018,0.75
task_only_00027,task_only,3.5496220799999265,0.5
task_only_00028,task_only,1.4943220500000962,0.75
task_only_00029,task_only,2.1098248825001065,0.65
task_only_00030,task_only,2.8950621450000087,0.25
task_only_00032,task_only,1.9112211675000708,0.35
task_only_00033,task_only,1.8356926575000032,0.8
task_only_00034,task_only,2.3221933675009496,0.25
task_only_00035,task_only,3.2668374075023165,0.65
task_only_00036,task_only,2.0154970200004754,0.3
task_only_00037,task_only,1.5721871374960756,0.75
task_only_00038,task_only,2.8749478769230055,0.9
task_only_00039,task_only,2.009110442500969,0.75
task_only_00040,task_only,1.938145812501898,0.7
task_only_00041,task_only,1.7967306024977006,0.4
task_only_00042,task_only,2.638222094994853,0.35
task_only_00043,task_only,2.3890633024951966,0.75
task_only_00044,task_only,2.6519466200013992,0.7
task_only_00045,task_only,2.3669866499927594,0.65
task_only_00046,task_only,3.741860660002567,0.55
task_only_00047,task_only,2.399286382496939,0.7
task_only_00048,task_only,2.0197230599995235,0.25
task_only_00049,task_only,2.9959072425052,0.7
task_only_00050,task_only,2.192356005000016,0.3
task_only_00051,task_only,3.134964497435855,0.7
task_only_00052,task_only,3.2815188474999557,0.8
task_only_00053,task_only,2.5928050049988087,0.6
task_only_00054,task_only,2.760478610259433,0.5
task_only_00055,task_only,2.782305845001247,0.55
task_only_00056,task_only,1.6429867249913515,0.5
task_only_00057,task_only,2.0947333525065917,0.5
task_only_00058,task_only,2.119468039998901,0.45
task_only_00059,task_only,3.3440343699985533,0.7
task_only_00060,task_only,1.8569087624986422,0.75
task_only_00061,task_only,2.7595332524957485,0.95
task_only_00062,task_only,2.0408684499999254,0.8
task_only_00063,task_only,1.742817710000054,0.45
task_only_00064,task_only,2.9697622724983375,0.6
task_only_00065,task_only,1.8667287100000975,0.3
task_only_00066,task_only,1.5401137774999143,0.5
task_only_00067,task_only,3.10555194499957,0.8
task_only_00068,task_only,2.117761882497871,0.65
task_only_00069,task_only,2.6272799425001265,0.7
task_only_00070,task_only,1.641312445000949,0.6
task_only_00071,task_only,3.10555194499957,0.8
task_only_00072,task_only,3.13959240500335,0.0
