participant_uid,condition,item_role,test_boundary_position,mean_rt_incorrect,mean_rt_correct,delta_rt_incorrect_minus_correct
both_00015,both,target,post,3.1976475333332623,1.8911933705882054,1.306454162745057
both_00015,both,target,mid,1.7454137285714881,1.6439171230769647,0.10149660549452344
both_00015,both,target,pre,2.2506173428572374,2.5455848461538855,-0.2949675032966481
both_00015,both,lure,post,1.925159089999943,1.5882073899998885,0.33695170000005437
both_00015,both,lure,mid,2.12071180769233,3.2968152857142092,-1.1761034780218793
both_00015,both,lure,pre,2.27259545714287,1.7392668666666395,0.5333285904762306
both_00016,both,target,post,2.959505587500189,1.9799582666661688,0.9795473208340202
both_00016,both,target,mid,2.448921899999732,2.0067974187502386,0.44212448124949333
both_00016,both,target,pre,3.1098260999991902,3.0075924266665726,0.10223367333261768
both_00016,both,lure,post,3.136432014285674,2.6633051384608106,0.47312687582486346
both_00016,both,lure,mid,2.7505316500000845,2.724157581250438,0.02637406874964654
both_00016,both,lure,pre,3.0930425900005503,2.776449199999843,0.3165933900007074
both_00017,both,target,post,2.3168182285724988,2.4237763615377705,-0.10695813296527179
both_00017,both,target,mid,7.2002810000009045,3.3380577800005993,3.8622232200003053
both_00017,both,target,pre,2.898788299998867,1.6408878909089915,1.2579004090898753
both_00017,both,lure,post,2.3931159571433716,2.3025933538466723,0.09052260329669926
both_00017,both,lure,mid,2.0611124777771894,1.9753710090907672,0.08574146868642218
both_00017,both,lure,pre,2.2818212727275253,3.4154608222225864,-1.133639549495061
both_00018,both,target,post,1.3759399666669196,0.864936635713093,0.5110033309538267
both_00018,both,target,mid,1.0302839249998215,0.8949440250007683,0.13533989999905316
both_00018,both,target,pre,1.0503452250050032,0.8836142000018299,0.16673102500317327
both_00018,both,lure,post,1.1202513000025647,1.1927880500006722,-0.07253674999810755
both_00018,both,lure,mid,1.0754037230788247,1.1014993285706234,-0.02609560549179868
both_00018,both,lure,pre,1.2181113499987988,1.0666036999988138,0.151507649999985
both_00019,both,target,post,3.7571951400022954,3.033091139998578,0.7241040000037176
both_00019,both,target,mid,2.837112400003308,3.2647367727278667,-0.42762437272455855
both_00019,both,target,pre,2.9444390399963596,1.8986808099973131,1.0457582299990464
both_00019,both,lure,post,2.440964441668863,2.441933287502252,-0.0009688458333889649
both_00019,both,lure,mid,2.9378986266674474,2.2346869000029983,0.7032117266644491
both_00019,both,lure,pre,3.0971784083364278,2.4098469375021523,0.6873314708342755
both_00020,both,target,post,2.2718852909059604,1.2264665999989828,1.0454186909069776
both_00020,both,target,mid,1.1754620199974548,1.4051951799949165,-0.2297331599974617
both_00020,both,target,pre,1.317682654545272,1.2139493000011297,0.10373335454414234
both_00020,both,lure,post,1.7397794555565471,1.3163432090910978,0.4234362464654493
both_00020,both,lure,mid,1.8195568250030192,1.447837700000188,0.3717191250028311
both_00020,both,lure,pre,1.74368624285853,1.4275227769215304,0.3161634659369996
both_00022,both,target,post,3.0293161999999256,2.546456210000065,0.4828599899998607
both_00022,both,target,mid,1.426109833333309,2.52306116470583,-1.096951331372521
both_00022,both,target,pre,2.860193644444381,3.8792276090908797,-1.0190339646464985
both_00022,both,lure,post,4.623788233333304,5.764360299999998,-1.140572066666694
both_00022,both,lure,mid,3.3742724857142514,3.1014912666666987,0.2727812190475527
both_00022,both,lure,pre,3.1923935083333013,3.2381191375000355,-0.04572562916673428
both_00024,both,target,post,2.65893774999995,1.388808933333419,1.270128816666531
both_00024,both,target,mid,1.7247527499998796,1.3158670388889833,0.40888571111089633
both_00024,both,target,pre,1.2613193749998572,1.0071964250000178,0.2541229499998394
both_00024,both,lure,post,1.456524453845934,2.0999169428571673,-0.6433924890112332
both_00024,both,lure,mid,1.5293101727273262,2.8139346777779792,-1.284624505050653
both_00024,both,lure,pre,1.8551387307691654,2.1717182142857774,-0.316579483516612
both_00025,both,target,post,2.2145493249995525,1.4614267749996845,0.7531225499998679
both_00025,both,target,mid,1.702005324998936,1.4071414374998312,0.29486388749910475
both_00025,both,target,pre,1.6791741222223209,1.6216966181812247,0.057477504041096195
both_00025,both,lure,post,1.483482674999929,1.9592508750006346,-0.4757682000007055
both_00025,both,lure,mid,1.4557223250000486,1.5533842499999082,-0.0976619249998596
both_00025,both,lure,pre,1.8088247400002728,1.8029792299996188,0.005845510000654031
both_00026,both,target,post,2.0011883846152787,2.272292000001471,-0.2711036153861923
both_00026,both,target,mid,2.8085580333321962,2.167420563635956,0.6411374696962402
both_00026,both,target,pre,2.070196087500335,2.1827186916658925,-0.11252260416555737
both_00026,both,lure,post,1.3270645833326853,3.1292175857145463,-1.802153002381861
both_00026,both,lure,mid,1.8933449181825959,2.5530980111094927,-0.6597530929268969
both_00026,both,lure,pre,2.329100762500275,2.610602500000217,-0.281501737499942
both_00027,both,target,post,2.844833699999981,0.8347440823529804,2.010089617647001
both_00027,both,target,mid,1.2768937750001328,1.4585484250000178,-0.181654649999885
both_00027,both,target,pre,1.045469349999962,1.1224432277778331,-0.07697387777787101
both_00027,both,lure,post,0.8789569499998985,1.2342515142857045,-0.35529456428580597
both_00027,both,lure,mid,0.8858426857141889,1.2920003769230999,-0.406157691208911
both_00027,both,lure,pre,1.3073651800000334,1.6139883899999858,-0.3066232099999524
both_00028,both,target,post,2.5047749999999724,3.9586848900002223,-1.4539098900002498
both_00028,both,target,mid,3.1394714428570296,1.4458520846145313,1.6936193582424983
both_00028,both,target,pre,2.402729662500178,1.7312675000002855,0.6714621624998927
both_00028,both,lure,post,1.5903945909088757,2.654678922222148,-1.0642843313132724
both_00028,both,lure,mid,2.28333202499986,4.84643508750014,-2.56310306250028
both_00028,both,lure,pre,2.0319582692308567,2.407192828571559,-0.3752345593407025
both_00029,both,target,post,4.179789544444146,2.675219181818565,1.5045703626255813
both_00029,both,target,mid,2.6690518857150374,1.6562010076925686,1.0128508780224688
both_00029,both,target,pre,2.9330832374994316,1.90276282499993,1.0303204124995016
both_00029,both,lure,post,2.2203519000005536,2.028492261538374,0.19185963846217957
both_00029,both,lure,mid,2.9084808000006888,2.244521305263142,0.6639594947375467
both_00029,both,lure,pre,2.8430348000001686,2.2410036777778766,0.602031122222292
both_00030,both,target,post,3.245777835714242,1.866305666666752,1.3794721690474903
both_00030,both,target,mid,3.0058301583333105,1.9450480500000822,1.0607821083332283
both_00030,both,target,pre,2.1604593583334313,1.5608366124999975,0.5996227458334338
both_00030,both,lure,post,2.2104735428571467,2.656993850000314,-0.44652030714316737
both_00030,both,lure,mid,2.1800413833335974,2.4413482500001464,-0.261306866666549
both_00030,both,lure,pre,1.681248091666551,2.519673087499882,-0.838424995833331
both_00031,both,target,post,1.627092128561344,1.795363192307727,-0.1682710637463829
both_00031,both,target,mid,2.228206144432382,2.330747909087222,-0.10254176465483988
both_00031,both,target,pre,2.036835700001878,1.6949977928556368,0.3418379071462414
both_00031,both,lure,post,1.7643783200066536,2.250603260000935,-0.4862249399942813
both_00031,both,lure,mid,2.597945350004011,1.640592049992847,0.9573533000111638
both_00031,both,lure,pre,2.4196922666742466,2.0153800272753206,0.404312239398926
both_00032,both,target,post,1.2784335499988326,1.082210907141936,0.19622264285689672
both_00032,both,target,mid,1.1726888999910443,1.405311805557479,-0.2326229055664346
both_00032,both,target,pre,3.784024500000669,1.3207207000023118,2.463303799998357
both_00032,both,lure,post,1.9050963416678617,1.5143562500015832,0.39074009166627843
both_00032,both,lure,mid,1.429805984617605,1.8970374428546555,-0.4672314582370505
both_00032,both,lure,pre,1.6259179785733326,1.8751814333324244,-0.24926345475909173
both_00033,both,target,post,2.045805628571283,1.521473784615759,0.524331843955524
both_00033,both,target,mid,1.9160822000000433,1.3126670142859698,0.6034151857140735
both_00033,both,target,pre,1.5894122454547785,1.7266905777778447,-0.1372783323230662
both_00033,both,lure,post,1.8828308750003089,2.3211183916664595,-0.4382875166661506
both_00033,both,lure,mid,1.335770400000183,2.2694765200000497,-0.9337061199998666
both_00033,both,lure,pre,1.824132736363853,2.0416471444445454,-0.21751440808069233
both_00034,both,target,post,2.52673306923288,2.1033325285659106,0.4234005406669694
both_00034,both,target,mid,3.580193611112514,2.1517929545463463,1.4284006565661675
both_00034,both,target,pre,1.3085401857159533,2.6616994461521526,-1.3531592604361993
both_00034,both,lure,post,2.246043166667126,1.7271921285698357,0.5188510380972904
both_00034,both,lure,mid,2.78175381666127,2.085085757140145,0.6966680595211248
both_00034,both,lure,pre,2.992266844442282,3.6026203636363126,-0.6103535191940304
both_00036,both,target,post,1.5564007166637264,1.5034070357131506,0.05299368095057577
both_00036,both,target,mid,2.2730913142898186,1.2163858230722746,1.056705491217544
both_00036,both,target,pre,1.3403831333400578,1.2759260363659863,0.06445709697407143
both_00036,both,lure,post,1.7631615071441047,1.8076170166605152,-0.04445550951641053
both_00036,both,lure,mid,2.12268146363468,2.165433344450624,-0.042751880815944165
both_00036,both,lure,pre,1.689998993333817,1.540238479996333,0.1497605133374842
both_00037,both,target,post,4.579873640002916,1.5585555466648657,3.02131809333805
both_00037,both,target,mid,5.375236566673266,1.7977222411718685,3.5775143255013973
both_00037,both,target,pre,8.505086699995445,1.444540310525458,7.060546389469987
both_00037,both,lure,post,2.1670245666642183,3.548364650006988,-1.3813400833427698
both_00037,both,lure,mid,2.447074853333955,4.72582781999954,-2.2787529666655852
both_00037,both,lure,pre,1.9051656937499502,5.298332149992348,-3.3931664562423975
both_00038,both,target,post,1.7307328999979126,1.9537110444410548,-0.22297814444314223
both_00038,both,target,mid,1.4501163583336165,1.0812776125021628,0.3688387458314537
both_00038,both,target,pre,1.6082237909034698,1.5764938222289655,0.03172996867450428
both_00038,both,lure,post,1.304233436364236,1.209345099998043,0.09488833636619298
both_00038,both,lure,mid,1.270894714286052,1.3499746538425546,-0.0790799395565025
both_00038,both,lure,pre,1.4706583727304612,1.2297215888845838,0.24093678384587736
both_00039,both,target,post,5.596198333330297,1.6127758764709785,3.9834224568593184
both_00039,both,target,mid,2.4843376666734307,1.7370507235241615,0.7472869431492692
both_00039,both,target,pre,2.2542472750064917,1.7878419437474804,0.4664053312590113
both_00039,both,lure,post,1.7593928099959157,2.979358779999893,-1.2199659700039773
both_00039,both,lure,mid,7.029047939988474,3.6809780799900182,3.3480698599984557
both_00039,both,lure,pre,2.017757907693382,1.9522698857139662,0.06548802197941561
both_00040,both,target,post,1.8702885999984573,1.706782333329708,0.16350626666874923
both_00040,both,target,mid,4.169967399997404,1.7118652111142485,2.4581021888831556
both_00040,both,target,pre,3.5180945571462092,2.242146499998993,1.2759480571472164
both_00040,both,lure,post,1.8538054937471315,3.616168824999477,-1.7623633312523452
both_00040,both,lure,mid,1.852808530769275,1.8208283285743423,0.031980202194932694
both_00040,both,lure,pre,2.4661078999973447,2.0451584125075897,0.420949487489755
both_00041,both,target,post,2.578734375000446,2.7173149000000194,-0.1385805249995733
both_00041,both,target,mid,3.0990576785718855,3.0165962833343656,0.08246139523751994
both_00041,both,target,pre,3.7643896333332427,4.032336057143506,-0.2679464238102631
both_00041,both,lure,post,3.0651591999980154,3.1014498133343293,-0.03629061333631389
both_00041,both,lure,mid,4.435018500000297,2.261815044444423,2.1732034555558735
both_00041,both,lure,pre,4.479729066665944,3.5570298294123326,0.9226992372536111
both_00042,both,target,post,2.417741999998855,1.9849749500002265,0.4327670499986287
both_00042,both,target,mid,2.7540622714264567,1.7491291076920998,1.0049331637343568
both_00042,both,target,pre,1.9677929285701663,1.5806295769233167,0.38716335164684956
both_00042,both,lure,post,1.895862692857398,2.4336341166660227,-0.5377714238086246
both_00042,both,lure,mid,1.8306430571428791,2.2172618333327896,-0.3866187761899105
both_00042,both,lure,pre,1.8275651823526406,1.7532538333325647,0.07431134902007597
both_00043,both,target,post,3.115029224997367,1.905742700004339,1.2092865249930278
both_00043,both,target,mid,2.309168312498514,2.787289850001495,-0.47812153750298103
both_00043,both,target,pre,2.5017560111203543,2.1124324090937576,0.38932360202659666
both_00043,both,lure,post,3.1874947928549124,2.5466124833377157,0.6408823095171967
both_00043,both,lure,mid,2.3825566571426213,2.391470366671759,-0.008913709529137837
both_00043,both,lure,pre,4.7267764214318175,3.3667979499926637,1.3599784714391538
both_00044,both,target,post,6.32069865000085,1.4544442071440113,4.866254442856839
both_00044,both,target,mid,3.087292700001853,1.738720857893656,1.3485718421081971
both_00044,both,target,pre,4.468459299998358,1.2874618444434924,3.1809974555548655
both_00044,both,lure,post,2.4235249846119236,3.6455356714328184,-1.2220106868208949
both_00044,both,lure,mid,1.9461659250021814,3.338627400000405,-1.3924614749982236
both_00044,both,lure,pre,1.8987709833309054,3.1794493874967884,-1.280678404165883
both_00045,both,target,post,1.2981568600051105,1.4546505333331878,-0.1564936733280773
both_00045,both,target,mid,2.222945359998266,1.7611650000006194,0.46178035999764666
both_00045,both,target,pre,1.7537395333347376,1.6908805545430037,0.06285897879173397
both_00045,both,lure,post,1.8948452615407474,2.2093320285701856,-0.31448676702943823
both_00045,both,lure,mid,2.403423428572881,1.8761562166619115,0.5272672119109694
both_00045,both,lure,pre,1.8669547769241035,1.6902611142889197,0.17669366263518382
both_00046,both,target,post,2.8979904000048657,2.124753699993912,0.7732367000109539
both_00046,both,target,mid,3.9743440249949344,1.948702499998035,2.0256415249968995
both_00046,both,target,pre,3.1575107200071217,2.4408000000054018,0.71671072000172
both_00046,both,lure,post,2.935291333333589,2.8453774800000247,0.08991385333356439
both_00046,both,lure,mid,2.308375178570194,2.5887923666644688,-0.28041718809427474
both_00046,both,lure,pre,2.295587645457338,2.3947472333319535,-0.09915958787461543
both_00047,both,target,post,3.1924274428581287,2.2249044999883223,0.9675229428698064
both_00047,both,target,mid,4.135510583349969,1.908730278573265,2.226780304776704
both_00047,both,target,pre,3.0070945999905234,1.4049425249928997,1.6021520749976237
both_00047,both,lure,post,2.2431212099967524,2.4568198100023437,-0.21369860000559138
both_00047,both,lure,mid,1.8914615999965463,3.471953081239917,-1.5804914812433708
both_00047,both,lure,pre,1.4501367599819788,2.737553593330085,-1.2874168333481064
both_00049,both,target,post,2.721611327269453,1.7850398777971148,0.9365714494723383
both_00049,both,target,mid,2.7141502750164364,1.724721499995212,0.9894287750212243
both_00049,both,target,pre,2.892498781825204,1.1864907111028313,1.7060080707223726
both_00049,both,lure,post,2.3713257000083106,3.7704788100032602,-1.3991531099949497
both_00049,both,lure,mid,3.0089779599977193,3.268825780012412,-0.25984782001469275
both_00049,both,lure,pre,3.440157625004455,2.8899426000061794,0.5502150249982756
both_00050,both,target,post,2.002822699998173,1.82544476154726,0.17737793845091288
both_00050,both,target,mid,1.6244053428610121,1.2940200538455078,0.33038528901550435
both_00050,both,target,pre,1.5052750600036233,1.8226279066720357,-0.31735284666841235
both_00050,both,lure,post,1.4170249444432557,1.8760772000003436,-0.45905225555708795
both_00050,both,lure,mid,1.72335438182133,1.9905752333256208,-0.26722085150429087
both_00050,both,lure,pre,2.090987187504652,1.6099014583305689,0.4810857291740831
both_00051,both,target,post,2.542615855552463,2.808480854553636,-0.265864999001173
both_00051,both,target,mid,4.062684699994861,2.502546674990299,1.5601380250045622
both_00051,both,target,pre,2.3727746999938972,1.9398105181859469,0.4329641818079504
both_00051,both,lure,post,3.9277347499883035,2.8547135416641445,1.073021208324159
both_00051,both,lure,mid,3.712825350005005,2.3363360583316535,1.3764892916733515
both_00051,both,lure,pre,2.7656706222138987,2.6269757181871682,0.13869490402673046
both_00052,both,target,post,1.5533611499995459,1.2696911444460663,0.28367000555347954
both_00052,both,target,mid,1.4439755874918774,1.0373853083438007,0.40659027914807666
both_00052,both,target,pre,2.082098983334921,1.004130450010832,1.077968533324089
both_00052,both,lure,post,1.8470699916797457,1.8809922875079792,-0.03392229582823347
both_00052,both,lure,mid,1.497932264701162,1.4724362333266374,0.025496031374524497
both_00052,both,lure,pre,1.6155857187586662,2.4943084250262473,-0.8787227062675811
both_00053,both,target,post,3.306755824989523,4.624195408342833,-1.31743958335331
both_00053,both,target,mid,5.142330080003012,3.1703267666705264,1.9720033133324852
both_00053,both,target,pre,3.708502124994993,2.8563442874947214,0.8521578375002719
both_00053,both,lure,post,3.761323520017322,3.1660881533326273,0.5952353666846948
both_00053,both,lure,mid,2.8021399999852292,2.729921458823168,0.07221854116206128
both_00053,both,lure,pre,5.32816804444883,3.88030593638012,1.4478621080687102
both_00054,both,target,post,1.7251456999802033,1.2646067312525702,0.4605389687276331
both_00054,both,target,mid,1.5991348499956075,1.394040377775026,0.20509447222058141
both_00054,both,target,pre,2.889942866653049,1.5908044058836395,1.2991384607694094
both_00054,both,lure,post,1.5298969357183003,1.8934320333258559,-0.36353509760755554
both_00054,both,lure,mid,1.808655910001835,1.546459969994612,0.2621959400072229
both_00054,both,lure,pre,1.421915755561915,1.802040327266282,-0.38012457170436686
both_00055,both,target,post,1.7864930000000134,1.7255338000005311,0.060959199999482294
both_00055,both,target,mid,1.6724365999998554,1.6596723785713559,0.012764221428499534
both_00055,both,target,pre,1.3670516333333782,1.8776936727273013,-0.510642039393923
both_00055,both,lure,post,1.7960036083330426,2.516699337499631,-0.7206957291665883
both_00055,both,lure,mid,1.7234082777777076,1.47391934999996,0.24948892777774745
both_00055,both,lure,pre,2.84602395624961,2.6934779499997603,0.1525460062498496
both_00056,both,target,post,1.9370208500040462,1.2380641666677548,0.6989566833362915
both_00056,both,target,mid,3.272290366662977,1.4688245285776378,1.803465838085339
both_00056,both,target,pre,1.9665572571435146,1.657566030782898,0.3089912263606165
both_00056,both,lure,post,1.9361890666623367,1.6532357374962885,0.2829533291660482
both_00056,both,lure,mid,1.6323375624851906,2.324630083331916,-0.6922925208467254
both_00056,both,lure,pre,1.463716375006091,1.6885814874985954,-0.2248651124925043
both_00057,both,target,post,2.2175524625004073,1.856248358333384,0.3613041041670233
both_00057,both,target,mid,1.8288426750004874,2.012493641666879,-0.18365096666639147
both_00057,both,target,pre,2.466878283332941,1.5927231928578425,0.8741550904750985
both_00057,both,lure,post,1.403382533333873,1.7300222374988152,-0.32663970416494226
both_00057,both,lure,mid,1.690532725000594,2.193367193749964,-0.50283446874937
both_00057,both,lure,pre,1.8875756818170801,1.262607866666561,0.6249678151505191
both_00058,both,target,post,6.135181459999876,7.671826569997938,-1.5366451099980623
both_00058,both,target,mid,8.94338305000565,5.545170358319107,3.3982126916865427
both_00058,both,target,pre,8.127340528581824,6.006468830764509,2.120871697817315
both_00058,both,lure,post,6.657919933320954,4.92758387500362,1.7303360583173344
both_00058,both,lure,mid,6.570707257138565,7.507629800005816,-0.9369225428672507
both_00058,both,lure,pre,6.03300188332408,8.827040099997248,-2.794038216673168
both_00059,both,target,post,2.5173924714243703,1.745330153843567,0.7720623175808032
both_00059,both,target,mid,2.227028800009672,1.509575285707667,0.7174535143020051
both_00059,both,target,pre,1.6452326500002528,1.547897481250402,0.09733516874985071
both_00059,both,lure,post,2.3759395923116244,2.589991571439896,-0.21405197912827134
both_00059,both,lure,mid,2.409848129999591,2.177011769992532,0.23283636000705865
both_00059,both,lure,pre,1.9106992749875644,2.206201656252233,-0.29550238126466866
both_00060,both,target,post,3.2548861399999622,2.1838440800000627,1.0710420599998995
both_00060,both,target,mid,2.9515129285715114,2.161415938461512,0.7900969901099995
both_00060,both,target,pre,3.9471958142856107,1.4878228384615726,2.459372975824038
both_00060,both,lure,post,1.792747233333292,2.4661965000000805,-0.6734492666667886
both_00060,both,lure,mid,1.930239772727253,1.7850177444444044,0.14522202828284847
both_00060,both,lure,pre,2.2833681624999826,2.881909541666687,-0.5985413791667042
both_00061,both,target,post,3.0561411777808747,2.1863170909187333,0.8698240868621414
both_00061,both,target,mid,2.885078233343342,2.434160100010393,0.45091813333294883
both_00061,both,target,pre,3.95381434286745,2.5496641307657297,1.4041502121017202
both_00061,both,lure,post,2.596402578583885,2.613225766651643,-0.016823188067757844
both_00061,both,lure,mid,2.5603142857268852,3.5032292000056864,-0.9429149142788011
both_00061,both,lure,pre,3.2559918999946342,2.4962520333259213,0.759739866668713
both_00062,both,target,post,3.776607983338181,2.4459087071466326,1.3306992761915484
both_00062,both,target,mid,2.312574425013736,2.088317174988333,0.22425725002540275
both_00062,both,target,pre,2.2039359000045806,2.6859846473763405,-0.48204874737175984
both_00062,both,lure,post,3.073007492864105,6.089650450012414,-3.0166429571483087
both_00062,both,lure,mid,2.306787389999954,3.369324559997767,-1.062537169997813
both_00062,both,lure,pre,2.1637466699874492,3.533983390009962,-1.370236720022513
both_00063,both,target,post,1.9710713000167743,1.9201745083361554,0.05089679168061889
both_00063,both,target,mid,3.0318778200191447,1.9287991933291777,1.103078626689967
both_00063,both,target,pre,2.0706808999966597,1.6003727916637824,0.4703081083328773
both_00063,both,lure,post,2.4630993900005707,3.024255500000436,-0.5611561099998652
both_00063,both,lure,mid,2.2836095916718477,2.3971347749829874,-0.1135251833111397
both_00063,both,lure,pre,2.024970770010259,2.1102184700081126,-0.08524769999785375
both_00064,both,target,post,1.5861903461582887,1.927655514288095,-0.3414651681298062
both_00064,both,target,mid,2.6311885599861853,1.9575834066645863,0.673605153321599
both_00064,both,target,pre,2.4164036909245294,1.3708927000083753,1.0455109909161542
both_00064,both,lure,post,2.339333811115163,2.00450369090752,0.33483012020764313
both_00064,both,lure,mid,2.4094839499981995,2.4717707375020836,-0.06228678750388417
both_00064,both,lure,pre,2.286677892301948,2.048875314283318,0.23780257801863014
both_00065,both,target,post,2.538189327280799,1.33990276669566,1.198286560585139
both_00065,both,target,mid,2.9266493199858816,1.707775753348445,1.2188735666374366
both_00065,both,target,pre,1.9867796800332145,1.9217592266621069,0.06502045337110762
both_00065,both,lure,post,2.0906777000054717,1.632731016667094,0.4579466833383776
both_00065,both,lure,mid,2.0086881856799925,2.1854601076875744,-0.17677192200758185
both_00065,both,lure,pre,2.549167699966347,2.088711631251499,0.4604560687148478
both_00066,both,target,post,6.171999899980922,2.191115376474473,3.9808845235064494
both_00066,both,target,mid,4.443791420024354,2.3554744866676627,2.0883169333566913
both_00066,both,target,pre,4.81047050000052,2.672234155551349,2.1382363444491705
both_00066,both,lure,post,2.6867075500049395,3.033425618752517,-0.3467180687475775
both_00066,both,lure,mid,2.2443210666727587,2.472901599995299,-0.22858053332254036
both_00066,both,lure,pre,4.7092213444411755,2.005014627272348,2.7042067171688275
both_00067,both,target,post,2.555038299993612,1.385896617645973,1.1691416823476388
both_00067,both,target,mid,6.331218899984378,1.4415763444396563,4.889642555544722
both_00067,both,target,pre,2.9912822250189492,1.2853297187575663,1.705952506261383
both_00067,both,lure,post,2.7223189866713557,3.7623742200201375,-1.0400552333487818
both_00067,both,lure,mid,2.128581072727684,1.7405394889065064,0.3880415838211775
both_00067,both,lure,pre,2.2428436538500067,2.884274957136118,-0.6414313032861112
item_only_00001,item_only,target,post,2.1834636800005685,3.3558779733337967,-1.1724142933332282
item_only_00001,item_only,target,mid,2.32126849999986,1.5776518500001007,0.7436166499997594
item_only_00001,item_only,target,pre,1.8690249750015937,2.657870316666352,-0.7888453416647585
item_only_00001,item_only,lure,post,1.277608177777842,2.661946918181374,-1.3843387404035319
item_only_00001,item_only,lure,mid,2.1258870714290032,2.008594107692121,0.11729296373688225
item_only_00001,item_only,lure,pre,1.7244208000000072,2.607858779999151,-0.8834379799991436
item_only_00002,item_only,target,post,8.714354533332678,5.345061209091165,3.3692933242415126
item_only_00002,item_only,target,mid,6.347986157142649,9.812022600000022,-3.464036442857373
item_only_00002,item_only,target,pre,10.864124844444936,4.6417915636365334,6.222333280808402
item_only_00002,item_only,lure,post,4.915667630000462,10.98258986999972,-6.066922239999258
item_only_00002,item_only,lure,mid,8.507990441176148,10.211642066666778,-1.7036516254906307
item_only_00002,item_only,lure,pre,4.5302171375005855,8.210371108333979,-3.680153970833393
item_only_00003,item_only,target,post,1.7906181600003037,1.749865159998444,0.04075300000185966
item_only_00003,item_only,target,mid,2.1607475300006627,1.4626155300007668,0.6981319999998958
item_only_00003,item_only,target,pre,2.0201780285736146,1.4628171538458377,0.557360874727777
item_only_00003,item_only,lure,post,1.8404439142863598,2.1046750500014846,-0.2642311357151248
item_only_00003,item_only,lure,mid,2.2486544923074407,2.056901842858809,0.1917526494486319
item_only_00003,item_only,lure,pre,1.7206728866658523,2.176791740002227,-0.4561188533363749
item_only_00004,item_only,target,post,1.9488312000001315,1.8609152199991512,0.08791598000098033
item_only_00004,item_only,target,mid,1.2128654571424704,1.5161214000041723,-0.3032559428617019
item_only_00004,item_only,target,pre,1.761742062499252,1.636818333328847,0.12492372917040484
item_only_00004,item_only,lure,post,1.8008784200006631,1.504519666666359,0.29635875333430417
item_only_00004,item_only,lure,mid,1.732460172730498,1.870483144441904,-0.1380229717114061
item_only_00004,item_only,lure,pre,2.6010495454525384,1.6733924222175522,0.9276571232349862
item_only_00005,item_only,target,post,1.842031914283455,1.321093453845466,0.520938460437989
item_only_00005,item_only,target,mid,1.2758205999998609,1.3289464933322355,-0.05312589333237461
item_only_00005,item_only,target,pre,3.2677876000088872,1.4260813555576735,1.8417062444512138
item_only_00005,item_only,lure,post,1.6432907285717582,1.4719294230744708,0.17136130549728734
item_only_00005,item_only,lure,mid,1.4345028857122608,2.099728284615244,-0.6652253989029833
item_only_00005,item_only,lure,pre,1.770778060000157,1.6106770600017626,0.16010099999839444
item_only_00006,item_only,target,post,5.61983046666622,2.4967053999976736,3.123125066668546
item_only_00006,item_only,target,mid,10.840983550006058,3.5500698555535766,7.290913694452481
item_only_00006,item_only,target,pre,2.8038346166649717,3.2205941071442794,-0.4167594904793077
item_only_00006,item_only,lure,post,4.342972179998469,5.068380919998162,-0.7254087399996934
item_only_00006,item_only,lure,mid,3.484331145456632,4.41723373333419,-0.9329025878775581
item_only_00006,item_only,lure,pre,2.7300333750026766,3.24895410000075,-0.5189207249980732
item_only_00007,item_only,target,post,2.4358837599982506,3.2828004533347364,-0.8469166933364858
item_only_00007,item_only,target,mid,0.9798433999822008,1.5830728578883664,-0.6032294579061656
item_only_00007,item_only,target,pre,2.695930874993792,2.415819362498951,0.280111512494841
item_only_00007,item_only,lure,post,1.7714264000005642,4.604996050002228,-2.833569650001664
item_only_00007,item_only,lure,mid,2.0929866187543666,7.218895400001202,-5.125908781246835
item_only_00007,item_only,lure,pre,3.2769019599984555,6.275892499997281,-2.9989905399988253
item_only_00008,item_only,target,post,4.997230400000262,2.8289486999999807,2.1682817000002816
item_only_00008,item_only,target,mid,4.208695316666839,2.964262678571426,1.2444326380954132
item_only_00008,item_only,target,pre,5.755549499999991,2.8320408142856843,2.9235086857143067
item_only_00008,item_only,lure,post,5.0714417900000175,2.84008360999992,2.2313581800000977
item_only_00008,item_only,lure,mid,4.254591018181848,5.787220022222148,-1.5326290040403006
item_only_00008,item_only,lure,pre,3.887922285714272,5.092021269230897,-1.2040989835166251
item_only_00009,item_only,target,post,1.6363783333334443,1.4101097500000606,0.22626858333338373
item_only_00009,item_only,target,mid,2.6152563000000555,1.8926552055556083,0.7226010944444472
item_only_00009,item_only,target,pre,1.7916745333332074,1.369384854545305,0.42228967878790247
item_only_00009,item_only,lure,post,2.3665653166667653,1.6330077071428215,0.7335576095239438
item_only_00009,item_only,lure,mid,2.345554355555679,2.560874236363485,-0.21531988080780584
item_only_00009,item_only,lure,pre,1.8338841249999405,1.6297909874999732,0.20409313749996727
item_only_00010,item_only,target,post,1.7046464600000035,1.2295140199999575,0.47513244000004606
item_only_00010,item_only,target,mid,1.8212722666667105,1.241063407142909,0.5802088595238015
item_only_00010,item_only,target,pre,1.8260544000000511,1.1310201499999752,0.6950342500000759
item_only_00010,item_only,lure,post,1.3673272900000484,1.5326743500000704,-0.16534706000002197
item_only_00010,item_only,lure,mid,1.0723843692307686,1.6664662714285572,-0.5940819021977886
item_only_00010,item_only,lure,pre,1.3947740333333438,1.948693725000112,-0.5539196916667681
item_only_00011,item_only,target,post,2.6520663000004183,1.716705558823699,0.9353607411767193
item_only_00011,item_only,target,mid,2.1900593142859828,1.5146704615386766,0.6753888527473062
item_only_00011,item_only,target,pre,2.3907803249999233,1.6704146875001697,0.7203656374997536
item_only_00011,item_only,lure,post,2.341229380000004,2.390445326666425,-0.04921594666642104
item_only_00011,item_only,lure,mid,1.61754502857158,1.6030253692309857,0.014519659340594293
item_only_00011,item_only,lure,pre,1.6390392666668656,2.1496599857142167,-0.5106207190473511
item_only_00012,item_only,target,post,2.5690586846156713,2.764723199999675,-0.19566451538400376
item_only_00012,item_only,target,mid,3.145705966667568,2.7751190124999994,0.3705869541675688
item_only_00012,item_only,target,pre,2.062475915385081,2.478732671428588,-0.4162567560435071
item_only_00012,item_only,lure,post,2.487165127272006,2.714530855555495,-0.2273657282834889
item_only_00012,item_only,lure,mid,3.1678993000004994,2.742496458333335,0.42540284166716447
item_only_00012,item_only,lure,pre,1.930358533333573,2.6653925272727395,-0.7350339939391664
item_only_00013,item_only,target,post,2.074357300000025,1.4935849363635663,0.5807723636364586
item_only_00013,item_only,target,mid,2.5036135999998805,1.6881419642857054,0.8154716357141751
item_only_00013,item_only,target,pre,1.495320766666661,1.752078771428582,-0.2567580047619209
item_only_00013,item_only,lure,post,2.7109044999999443,2.5044682545454964,0.20643624545444794
item_only_00013,item_only,lure,mid,1.8763357444443298,2.6683597636365035,-0.7920240191921737
item_only_00013,item_only,lure,pre,3.2344170499999905,1.730571325000066,1.5038457249999244
item_only_00014,item_only,target,post,1.9825188636365387,2.189155911111104,-0.20663704747456513
item_only_00014,item_only,target,mid,1.5478855727274508,1.2705688000000412,0.2773167727274095
item_only_00014,item_only,target,pre,1.7561489888888293,1.6397539545452509,0.11639503434357845
item_only_00014,item_only,lure,post,1.1933122538461807,1.7860903285714553,-0.5927780747252747
item_only_00014,item_only,lure,mid,1.362397416666757,2.1280234874998314,-0.7656260708330744
item_only_00014,item_only,lure,pre,1.2058702705880397,1.7192244666666738,-0.5133541960786341
item_only_00015,item_only,target,post,4.033389799999895,3.4670165222219618,0.5663732777779336
item_only_00015,item_only,target,mid,8.313227500000039,4.401619508333018,3.9116079916670214
item_only_00015,item_only,target,pre,3.6990827666665305,8.297186457143003,-4.5981036904764725
item_only_00015,item_only,lure,post,6.369075757143166,3.2753214692308505,3.093754287912316
item_only_00015,item_only,lure,mid,6.24360314000005,6.605166266666735,-0.36156312666668455
item_only_00015,item_only,lure,pre,4.853184466666789,3.364885458823718,1.4882990078430716
item_only_00016,item_only,target,post,,1.3438656250000804,
item_only_00016,item_only,target,mid,2.3180936333334707,1.2368874058822579,1.0812062274512129
item_only_00016,item_only,target,pre,2.345898100000037,1.2764676882351897,1.0694304117648474
item_only_00016,item_only,lure,post,1.9030840000001263,1.9032794299998386,-0.00019542999971222663
item_only_00016,item_only,lure,mid,2.1687648416666434,3.6448842749998676,-1.4761194333332242
item_only_00016,item_only,lure,pre,1.9564860399998907,3.1368888699999844,-1.1804028300000937
item_only_00017,item_only,target,post,1.569445119961165,1.6494842933258043,-0.08003917336463928
item_only_00017,item_only,target,mid,1.7051075000005464,1.3173096500104293,0.3877978499901171
item_only_00017,item_only,target,pre,1.9139505428195531,1.3996875384607568,0.5142630043587963
item_only_00017,item_only,lure,post,1.8283537400187924,1.6799194333376364,0.14843430668115598
item_only_00017,item_only,lure,mid,1.6265758999894995,1.545315864296364,0.08126003569313545
item_only_00017,item_only,lure,pre,1.9479065599967726,1.9507885800092482,-0.0028820200124755058
item_only_00018,item_only,target,post,1.2706853333317365,1.7516510882363518,-0.48096575490461535
item_only_00018,item_only,target,mid,2.3369233999983408,1.4697442263162597,0.8671791736820811
item_only_00018,item_only,target,pre,1.5872361499968974,1.377178193751206,0.21005795624569146
item_only_00018,item_only,lure,post,1.61541253333174,1.4554849124997418,0.15992762083199819
item_only_00018,item_only,lure,mid,1.5831883899998502,1.3646376400021836,0.21855074999766666
item_only_00018,item_only,lure,pre,1.53770389000274,1.162386870001501,0.375317020001239
item_only_00019,item_only,target,post,3.1024711500067497,1.6148213499909616,1.487649800015788
item_only_00019,item_only,target,mid,2.0007484249872505,1.5902832416759338,0.41046518331131665
item_only_00019,item_only,target,pre,2.3830918200081213,1.3054439200088381,1.0776478999992831
item_only_00019,item_only,lure,post,2.0044030333325886,3.0911232125072274,-1.0867201791746388
item_only_00019,item_only,lure,mid,1.9073206300032326,1.8862319900013973,0.0210886400018353
item_only_00019,item_only,lure,pre,1.6609778125057346,1.8121967916667927,-0.1512189791610581
item_only_00020,item_only,target,post,3.4905535428572745,2.672548092307317,0.8180054505499577
item_only_00020,item_only,target,mid,6.427901775001374,2.1591534437493465,4.268748331252027
item_only_00020,item_only,target,pre,4.629135271424145,1.7780158846166718,2.8511193868074733
item_only_00020,item_only,lure,post,3.083905962497738,2.904760183333565,0.1791457791641733
item_only_00020,item_only,lure,mid,3.627653775003637,2.1604081916654345,1.4672455833382023
item_only_00020,item_only,lure,pre,2.556639450001967,5.6147102249973,-3.0580707749953335
item_only_00021,item_only,target,post,1.3728499999997439,1.7956388374987,-0.4227888374989561
item_only_00021,item_only,target,mid,3.296849157145646,1.1770561692313863,2.11979298791426
item_only_00021,item_only,target,pre,1.8012920000124724,1.498311366676353,0.30298063333611935
item_only_00021,item_only,lure,post,1.5116339111118577,1.9015412545466626,-0.3899073434348048
item_only_00021,item_only,lure,mid,2.456728783339107,2.075157425002544,0.38157135833656275
item_only_00021,item_only,lure,pre,2.361554827271241,2.686560266670616,-0.32500543939937465
item_only_00022,item_only,target,post,7.532002171428758,4.70246273846155,2.8295394329672074
item_only_00022,item_only,target,mid,4.684948975002044,2.3195954333362656,2.3653535416657783
item_only_00022,item_only,target,pre,3.7652338800020515,3.9218389599991497,-0.15660507999709816
item_only_00022,item_only,lure,post,4.400194237499818,5.228305824999552,-0.828111587499734
item_only_00022,item_only,lure,mid,3.5460234538466184,10.046728771429375,-6.5007053175827565
item_only_00022,item_only,lure,pre,5.145836053333672,2.373677800002042,2.7721582533316296
item_only_00023,item_only,target,post,2.21434498749295,2.3949847083422355,-0.18063972084928537
item_only_00023,item_only,target,mid,3.218868739984464,1.6199260600027627,1.5989426799817013
item_only_00023,item_only,target,pre,3.2420610874978593,1.977028216671897,1.2650328708259622
item_only_00023,item_only,lure,post,2.3413930666574743,4.173858812515391,-1.8324657458579168
item_only_00023,item_only,lure,mid,2.196670762510621,3.9325494083362478,-1.7358786458256268
item_only_00023,item_only,lure,pre,5.91817663332525,3.8691132285623877,2.049063404762862
item_only_00024,item_only,target,post,2.039517400003711,1.2931355090920327,0.7463818909116784
item_only_00024,item_only,target,mid,3.6423272999963956,1.4966460687492145,2.145681231247181
item_only_00024,item_only,target,pre,2.0804977500010864,1.5480006499989638,0.5324971000021226
item_only_00024,item_only,lure,post,1.5023888166664012,1.927375549996214,-0.42498673332981274
item_only_00024,item_only,lure,mid,1.3773263235292261,3.176234533326351,-1.798908209797125
item_only_00024,item_only,lure,pre,1.612755730767206,3.3726902999977546,-1.7599345692305486
item_only_00025,item_only,target,post,2.731894720008131,1.8331878133341282,0.8987069066740028
item_only_00025,item_only,target,mid,1.926017399995804,1.280173538462035,0.6458438615337689
item_only_00025,item_only,target,pre,2.2875804600014815,1.4127544399991165,0.874826020002365
item_only_00025,item_only,lure,post,2.0456789200019556,1.926846459999797,0.11883246000215864
item_only_00025,item_only,lure,mid,1.6160608909095489,1.993287255555818,-0.37722636464626924
item_only_00025,item_only,lure,pre,1.9846267181829633,1.661615977776819,0.3230107404061444
item_only_00026,item_only,target,post,3.5066198333224747,1.6890457285792633,1.8175741047432115
item_only_00026,item_only,target,mid,2.2233324571612423,1.8010805307690485,0.4222519263921938
item_only_00026,item_only,target,pre,2.620149666676298,1.8555102235233576,0.7646394431529402
item_only_00026,item_only,lure,post,2.4674095599912107,1.8244687199941836,0.6429408399970271
item_only_00026,item_only,lure,mid,2.2869270624942146,1.7320740416568394,0.5548530208373752
item_only_00026,item_only,lure,pre,2.0745455833287756,1.9854132785653096,0.08913230476346601
item_only_00027,item_only,target,post,2.211420233332319,1.6861664636380738,0.5252537696942454
item_only_00027,item_only,target,mid,1.6092964000017673,2.2406107249989873,-0.63131432499722
item_only_00027,item_only,target,pre,1.6544846833348856,1.791748657141787,-0.13726397380690147
item_only_00027,item_only,lure,post,2.1553393142884096,1.5877491153872911,0.5675901989011185
item_only_00027,item_only,lure,mid,1.8639616300002673,2.655461419999483,-0.7914997899992158
item_only_00027,item_only,lure,pre,2.2462223090908746,2.703364266666338,-0.4571419575754634
item_only_00028,item_only,target,post,1.9594629000057464,1.958847521052169,0.000615378953577439
item_only_00028,item_only,target,mid,2.4180838500033133,2.1230804611097684,0.2950033888935448
item_only_00028,item_only,target,pre,4.82667543333567,1.9430095470580615,2.883665886277609
item_only_00028,item_only,lure,post,2.248160030771172,2.601981871430845,-0.3538218406596729
item_only_00028,item_only,lure,mid,2.733827818183768,3.7930107666696937,-1.0591829484859256
item_only_00028,item_only,lure,pre,2.039335657139808,2.675368716668648,-0.6360330595288404
item_only_00029,item_only,target,post,1.474335399996066,2.198985333360421,-0.724649933364355
item_only_00029,item_only,target,mid,1.525393738447187,2.1122624142694155,-0.5868686758222286
item_only_00029,item_only,target,pre,1.8196015999904678,1.3370484500192106,0.4825531499712572
item_only_00029,item_only,lure,post,2.6919546999852173,1.369318121437183,1.3226365785480343
item_only_00029,item_only,lure,mid,1.6952998333532985,1.6843904352897558,0.01090939806354263
item_only_00029,item_only,lure,pre,1.6449722166677627,1.3924212928645179,0.25255092380324484
item_only_00030,item_only,target,post,3.404967499999787,2.0828525999990792,1.3221149000007077
item_only_00030,item_only,target,mid,3.981334333333507,1.5733342714302125,2.4080000619032944
item_only_00030,item_only,target,pre,4.928473500001322,1.5344926176476292,3.3939808823536923
item_only_00030,item_only,lure,post,2.7756088846150444,3.8370845571418095,-1.0614756725267651
item_only_00030,item_only,lure,mid,2.789909014287072,3.5578049230769886,-0.7678959087899164
item_only_00030,item_only,lure,pre,2.059975844444125,2.595067690910417,-0.5350918464662922
item_only_00031,item_only,target,post,2.553892249998171,1.7590664500005206,0.7948257999976502
item_only_00031,item_only,target,mid,1.3266316000081133,1.799702273680228,-0.47307067367211464
item_only_00031,item_only,target,pre,3.444229400003678,2.6155433222269897,0.8286860777766885
item_only_00031,item_only,lure,post,3.4645708999960334,2.0239534833332677,1.4406174166627657
item_only_00031,item_only,lure,mid,3.5129931399947965,2.5335710200034858,0.9794221199913107
item_only_00031,item_only,lure,pre,3.8418055200076195,2.5433872933344293,1.2984182266731903
item_only_00032,item_only,target,post,2.0956591384624166,1.828353885706747,0.26730525275566963
item_only_00032,item_only,target,mid,1.6030459833345958,1.8709457500008284,-0.2678997666662326
item_only_00032,item_only,target,pre,1.803366450003523,2.0115191583293686,-0.20815270832584565
item_only_00032,item_only,lure,post,2.1296711909050248,1.9836968111145932,0.1459743797904316
item_only_00032,item_only,lure,mid,2.1851940818120386,1.7868983999974768,0.39829568181456176
item_only_00032,item_only,lure,pre,1.290706150000915,2.0599889250006527,-0.7692827749997377
item_only_00033,item_only,target,post,5.013984644449213,3.594523554540832,1.4194610899083808
item_only_00033,item_only,target,mid,5.212150499981362,3.3635912399971857,1.8485592599841767
item_only_00033,item_only,target,pre,7.029814939969219,5.288871419988572,1.7409435199806467
item_only_00033,item_only,lure,post,3.3558617000056143,10.198324114300444,-6.84246241429483
item_only_00033,item_only,lure,mid,3.271014533364602,4.535480674996506,-1.2644661416319045
item_only_00033,item_only,lure,pre,4.784706264713725,4.067665200020808,0.7170410646929168
item_only_00034,item_only,target,post,2.3531727999895033,1.6480118214260853,0.7051609785634181
item_only_00034,item_only,target,mid,2.0171783400001004,1.3352849933396405,0.68189334666046
item_only_00034,item_only,target,pre,1.939326433329067,1.7558064235388027,0.18352000979026428
item_only_00034,item_only,lure,post,1.796559159993194,1.7666637500049547,0.029895409988239363
item_only_00034,item_only,lure,mid,1.9569427083333721,2.003646862489404,-0.04670415415603202
item_only_00034,item_only,lure,pre,1.5291563333351708,1.8282210624965956,-0.2990647291614248
item_only_00035,item_only,target,post,3.673804183335354,2.5708119642804377,1.1029922190549164
item_only_00035,item_only,target,mid,1.7035813444526866,1.3096740545482712,0.39390728990441537
item_only_00035,item_only,target,pre,2.816004019998945,2.1691228899988344,0.6468811300001107
item_only_00035,item_only,lure,post,2.7376226900087204,2.219922630005749,0.5177000600029715
item_only_00035,item_only,lure,mid,1.5496437125111697,2.4393864666635636,-0.8897427541523939
item_only_00035,item_only,lure,pre,2.3162302899989298,2.1343854800041298,0.18184480999480002
item_only_00036,item_only,target,post,4.386905899998965,2.959503972223805,1.42740192777516
item_only_00036,item_only,target,mid,4.724785933329258,2.9107810294029632,1.8140049039262949
item_only_00036,item_only,target,pre,5.05391710002732,1.4798145437598578,3.574102556267462
item_only_00036,item_only,lure,post,5.429861112512299,12.606093000009423,-7.176231887497124
item_only_00036,item_only,lure,mid,2.621000211110287,3.569714036368003,-0.9487138252577161
item_only_00036,item_only,lure,pre,4.703810772731561,3.2315755777655997,1.4722351949659616
item_only_00037,item_only,target,post,2.1048237333307043,1.664666211758124,0.44015752157258037
item_only_00037,item_only,target,mid,4.192396775004454,1.9614350749998266,2.2309617000046273
item_only_00037,item_only,target,pre,1.1087961000012003,1.4863183833335318,-0.3775222833323315
item_only_00037,item_only,lure,post,2.0540787250065478,4.42535095832621,-2.3712722333196625
item_only_00037,item_only,lure,mid,2.2301152750078472,2.3500345749998814,-0.11991929999203421
item_only_00037,item_only,lure,pre,2.0086474999960044,3.2791618066645847,-1.2705143066685802
item_only_00038,item_only,target,post,2.792303539998829,1.7441027800086886,1.0482007599901406
item_only_00038,item_only,target,mid,2.1228584999917075,2.0391121571301483,0.08374634286155924
item_only_00038,item_only,target,pre,2.79858775002261,1.508198692845846,1.2903890571767642
item_only_00038,item_only,lure,post,2.0633481200085955,1.9730444533284754,0.09030366668012002
item_only_00038,item_only,lure,mid,2.747979449981358,1.9987476562600932,0.7492317937212647
item_only_00038,item_only,lure,pre,1.3896373799536377,3.113579660017664,-1.7239422800640265
item_only_00039,item_only,target,post,1.126088399993023,1.424264894452386,-0.298176494459363
item_only_00039,item_only,target,mid,2.8239855124993483,1.3887495916642365,1.4352359208351118
item_only_00039,item_only,target,pre,3.4773539000057747,1.3668668923111489,2.110487007694626
item_only_00039,item_only,lure,post,1.9560871799942106,1.8542661466674568,0.10182103332675374
item_only_00039,item_only,lure,mid,2.054570550004428,2.7245135687444417,-0.6699430187400139
item_only_00039,item_only,lure,pre,2.133924433340629,2.7743717294155537,-0.6404472960749246
item_only_00040,item_only,target,post,1.4777790399966761,1.5545954899920615,-0.0768164499953854
item_only_00040,item_only,target,mid,1.4129617999876953,1.584558845455335,-0.17159704546763965
item_only_00040,item_only,target,pre,1.9194223499992706,1.474696950001609,0.4447253999976617
item_only_00040,item_only,lure,post,1.8449760083361373,1.7205744375096401,0.12440157082649717
item_only_00040,item_only,lure,mid,2.2270126444572167,1.7725650000026112,0.4544476444546055
item_only_00040,item_only,lure,pre,1.735304037501919,1.9372194833413232,-0.20191544583940413
item_only_00041,item_only,target,post,3.70873019999514,1.700959071417206,2.007771128577934
item_only_00041,item_only,target,mid,4.809066200003144,2.7786190124970744,2.03044718750607
item_only_00041,item_only,target,pre,4.24076395713824,3.2373601922926563,1.0034037648455838
item_only_00041,item_only,lure,post,2.3082563750067493,2.2818691562461026,0.026387218760646647
item_only_00041,item_only,lure,mid,2.8031582749899826,2.576798908334846,0.22635936665513645
item_only_00041,item_only,lure,pre,2.0740523499902337,2.728327930008527,-0.6542755800182931
item_only_00042,item_only,target,post,3.6717623230741503,1.6854885571353537,1.9862737659387966
item_only_00042,item_only,target,mid,3.2339087555430726,2.3918554818215356,0.8420532737215369
item_only_00042,item_only,target,pre,2.2313294230664793,1.9718954428681172,0.25943398019836206
item_only_00042,item_only,lure,post,3.1415116899937856,3.088592189998599,0.05291949999518675
item_only_00042,item_only,lure,mid,3.1203002749825828,3.4195009562463383,-0.29920068126375554
item_only_00042,item_only,lure,pre,2.1496933699992953,2.5090861600067003,-0.359392790007405
item_only_00043,item_only,target,post,1.506344522220186,2.167203736361857,-0.6608592141416709
item_only_00043,item_only,target,mid,1.232413271423346,1.6694532333300838,-0.4370399619067378
item_only_00043,item_only,target,pre,2.344600073333519,1.9854834600002504,0.3591166133332686
item_only_00043,item_only,lure,post,1.4268313454548744,2.394699088889562,-0.9678677434346876
item_only_00043,item_only,lure,mid,2.1840970090944953,2.630486211112131,-0.4463892020176359
item_only_00043,item_only,lure,pre,1.4887807000020985,1.7902571599988732,-0.30147645999677475
item_only_00044,item_only,target,post,3.8510191374953138,1.7874246833283298,2.063594454166984
item_only_00044,item_only,target,mid,2.6851479200006,2.727391359995818,-0.04224343999521807
item_only_00044,item_only,target,pre,3.1594212250129203,1.7831026666632777,1.3763185583496427
item_only_00044,item_only,lure,post,2.363803158320176,2.339313675016456,0.02448948330372014
item_only_00044,item_only,lure,mid,3.09746536428325,1.833850733344055,1.263614630939195
item_only_00044,item_only,lure,pre,3.113218385730371,2.6652846500025285,0.44793373572784256
item_only_00045,item_only,target,post,2.8221104000112973,1.6983347555570718,1.1237756444542255
item_only_00045,item_only,target,mid,2.290165199995196,1.7155473785782565,0.5746178214169395
item_only_00045,item_only,target,pre,3.3644153000010797,1.9358726764673038,1.428542623533776
item_only_00045,item_only,lure,post,2.814398037495266,1.756774558336474,1.0576234791587922
item_only_00045,item_only,lure,mid,2.774701875008759,2.0531812499939406,0.7215206250148185
item_only_00045,item_only,lure,pre,1.4198971333098598,2.459423235299148,-1.039526101989288
item_only_00046,item_only,target,post,3.2663711000350304,1.6874017789439102,1.5789693210911202
item_only_00046,item_only,target,mid,5.148767599991213,1.3890296000001185,3.759737999991094
item_only_00046,item_only,target,pre,2.350181200017687,1.468008638886709,0.8821725611309779
item_only_00046,item_only,lure,post,1.8738402799936011,2.1458609799970874,-0.2720207000034862
item_only_00046,item_only,lure,mid,1.672287113335915,3.0601587599958293,-1.3878716466599144
item_only_00046,item_only,lure,pre,1.6946629071441879,3.5960017166604907,-1.9013388095163029
item_only_00047,item_only,target,post,2.198879057134036,1.6950729615323676,0.5038060956016683
item_only_00047,item_only,target,mid,3.242458600003738,1.5220142400047432,1.7204443599989947
item_only_00047,item_only,target,pre,2.66511428571539,1.701503584618107,0.963610701097283
item_only_00047,item_only,lure,post,1.654103416648771,1.7152240142791666,-0.06112059763039568
item_only_00047,item_only,lure,mid,1.9429738428609977,2.097143869224685,-0.15417002636368737
item_only_00047,item_only,lure,pre,1.9968420875011361,1.696014549980949,0.3008275375201872
item_only_00048,item_only,target,post,4.396690249999892,1.9912428722222255,2.4054473777776666
item_only_00048,item_only,target,mid,2.6515970666667577,2.575427258823605,0.07616980784315253
item_only_00048,item_only,target,pre,4.352170500000024,2.531892630769282,1.8202778692307415
item_only_00048,item_only,lure,post,2.0828251166666405,2.504352449999942,-0.4215273333333016
item_only_00048,item_only,lure,mid,4.037112075000039,3.2086610583332535,0.8284510166667851
item_only_00048,item_only,lure,pre,3.636724285714276,4.2847200666665985,-0.6479957809523227
item_only_00049,item_only,target,post,4.985295399998514,4.737712816665105,0.24758258333340954
item_only_00049,item_only,target,mid,4.1920686999947065,4.22778904165898,-0.03572034166427329
item_only_00049,item_only,target,pre,4.713486662498326,3.4471376083238283,1.2663490541744977
item_only_00049,item_only,lure,post,4.561519340012455,5.661033090006095,-1.0995137499936396
item_only_00049,item_only,lure,mid,4.176537572734312,4.487443211100374,-0.3109056383660622
item_only_00049,item_only,lure,pre,3.5469384461489075,6.411579371421665,-2.864640925272757
item_only_00050,item_only,target,post,2.013790700000004,2.636245280000018,-0.6224545800000141
item_only_00050,item_only,target,mid,4.218175500000029,3.3273954842104976,0.8907800157895318
item_only_00050,item_only,target,pre,6.452908842857157,1.9351045461538485,4.517804296703309
item_only_00050,item_only,lure,post,3.0708668714285716,3.9778415230769304,-0.9069746516483588
item_only_00050,item_only,lure,mid,5.149364387500043,2.687944358333368,2.461420029166675
item_only_00050,item_only,lure,pre,2.9823744444444173,2.2058174909090607,0.7765569535353567
item_only_00051,item_only,target,post,8.207783424993977,4.703175581238611,3.504607843755366
item_only_00051,item_only,target,mid,16.388481059996412,4.499378333341641,11.889102726654771
item_only_00051,item_only,target,pre,8.072551600002043,2.8415545583169055,5.2309970416851375
item_only_00051,item_only,lure,post,5.670937271435313,6.758595650006707,-1.087658378571394
item_only_00051,item_only,lure,mid,7.76822155714035,7.1046832333668135,0.6635383237735368
item_only_00051,item_only,lure,pre,9.60903590910179,4.035840400003104,5.573195509098686
item_only_00052,item_only,target,post,2.0352727200000116,2.264012619999994,-0.22873989999998257
item_only_00052,item_only,target,mid,3.375501588888963,3.0967538909089853,0.27874769797997745
item_only_00052,item_only,target,pre,1.6240412750000057,1.8021385375001273,-0.1780972625001216
item_only_00052,item_only,lure,post,2.6079579111110434,2.1612833909089617,0.44667452020208165
item_only_00052,item_only,lure,mid,2.9329718923075303,2.748239300000023,0.18473259230750738
item_only_00052,item_only,lure,pre,1.993580284615256,3.4007126142857618,-1.4071323296705058
item_only_00053,item_only,target,post,5.102559183333294,3.2914564000000155,1.8111027833332782
item_only_00053,item_only,target,mid,4.4420987800001965,3.856554680000227,0.5855440999999697
item_only_00053,item_only,target,pre,3.6833176454547356,3.0386989888888314,0.6446186565659042
item_only_00053,item_only,lure,post,3.7510945799998203,5.6447143199999115,-1.8936197400000911
item_only_00053,item_only,lure,mid,1.9104923000000522,3.3586597000001066,-1.4481674000000544
item_only_00053,item_only,lure,pre,3.718882533333373,4.488315263636071,-0.7694327303026984
item_only_00054,item_only,target,post,3.9239409583290885,3.32749160000094,0.5964493583281487
item_only_00054,item_only,target,mid,3.4454456615405014,2.275925471422462,1.1695201901180394
item_only_00054,item_only,target,pre,3.320119146154656,2.8292490285904415,0.4908701175642145
item_only_00054,item_only,lure,post,3.202492991661226,3.3430342499996186,-0.1405412583383927
item_only_00054,item_only,lure,mid,4.475819973329393,6.698708540003281,-2.2228885666738885
item_only_00054,item_only,lure,pre,2.6618647999954796,2.6293268999870634,0.032537900008416276
item_only_00055,item_only,target,post,3.2493180000123436,2.410399684624281,0.8389183153880628
item_only_00055,item_only,target,mid,3.2075055666597714,2.264780364286188,0.9427252023735835
item_only_00055,item_only,target,pre,2.8946634888998233,1.7864855818122372,1.1081779070875861
item_only_00055,item_only,lure,post,2.367128125006275,2.5756555083401813,-0.20852738333390652
item_only_00055,item_only,lure,mid,1.8320850428426638,2.2652095384636106,-0.4331244956209468
item_only_00055,item_only,lure,pre,2.084839150001062,2.861459879996255,-0.776620729995193
item_only_00056,item_only,target,post,3.6765617400058543,3.045585193327861,0.6309765466779935
item_only_00056,item_only,target,mid,2.3948239899997135,2.520005150002544,-0.12518116000283053
item_only_00056,item_only,target,pre,2.8551796750034555,1.2265906000029645,1.628589075000491
item_only_00056,item_only,lure,post,2.0446428999961688,3.0310657153850817,-0.986422815388913
item_only_00056,item_only,lure,mid,4.683123908323371,4.91043935000198,-0.2273154416786083
item_only_00056,item_only,lure,pre,4.132947983331785,3.904449587505951,0.22849839582583353
task_only_00019,task_only,target,post,1.4269339125000897,1.020267841666661,0.40666607083342865
task_only_00019,task_only,target,mid,2.3402142500001446,1.3297325750000368,1.0104816750001078
task_only_00019,task_only,target,pre,2.178209500000321,1.3005431555556646,0.8776663444446564
task_only_00019,task_only,lure,post,1.7124447750000702,1.925338362500156,-0.2128935875000859
task_only_00019,task_only,lure,mid,1.8001100416666607,2.3954183124999417,-0.5953082708332811
task_only_00019,task_only,lure,pre,1.4114970909091757,2.1933765777777,-0.7818794868685244
task_only_00020,task_only,target,post,1.4400228000001032,1.6317238642854395,-0.1917010642853363
task_only_00020,task_only,target,mid,2.1957735666655935,2.00704504705915,0.18872851960644343
task_only_00020,task_only,target,pre,2.839639719999832,1.5870688466665646,1.2525708733332672
task_only_00020,task_only,lure,post,2.3096299066673964,1.8088646799995332,0.5007652266678633
task_only_00020,task_only,lure,mid,2.3115006909088565,4.755136422222778,-2.4436357313139214
task_only_00020,task_only,lure,pre,2.132354955555153,3.2586683181814973,-1.1263133626263442
task_only_00021,task_only,target,post,2.3905749000000975,1.267560354544416,1.1230145454556815
task_only_00021,task_only,target,mid,1.8434024599999248,1.7396255699990433,0.10377689000088153
task_only_00021,task_only,target,pre,2.1429764124995927,1.512685725000362,0.6302906874992307
task_only_00021,task_only,lure,post,1.9381752555556078,1.4270084363637248,0.511166819191883
task_only_00021,task_only,lure,mid,2.706168433333611,1.7844522214296117,0.9217162119039994
task_only_00021,task_only,lure,pre,1.9623936714269803,1.895131799999105,0.06726187142787521
task_only_00022,task_only,target,post,2.6183843333322634,1.5771748882364003,1.041209445095863
task_only_00022,task_only,target,mid,3.0218137999996544,1.432343366665494,1.5894704333341603
task_only_00022,task_only,target,pre,1.6263100499927532,1.3150976388901148,0.3112124111026384
task_only_00022,task_only,lure,post,1.4250441499989392,2.0736978749991977,-0.6486537250002584
task_only_00022,task_only,lure,mid,1.5611586833329056,2.1984106142834725,-0.6372519309505669
task_only_00022,task_only,lure,pre,2.0329234749988245,1.6673817937498825,0.36554168124894204
task_only_00023,task_only,target,post,1.9043231166651822,2.0298523500012897,-0.12552923333610755
task_only_00023,task_only,target,mid,2.0116052857151123,1.573685653846881,0.43791963186823124
task_only_00023,task_only,target,pre,1.994077550003567,1.2732778687532118,0.7207996812503552
task_only_00023,task_only,lure,post,2.743286463634418,2.931861433336356,-0.18857496970193832
task_only_00023,task_only,lure,mid,2.2714844142860136,2.145320246155069,0.12616416813094444
task_only_00023,task_only,lure,pre,2.1189682285683893,2.278811053847536,-0.15984282527914662
task_only_00024,task_only,target,post,5.41730283999932,1.9695048333320302,3.44779800666729
task_only_00024,task_only,target,mid,3.44073896665941,2.0353121785758828,1.4054267880835272
task_only_00024,task_only,target,pre,2.8019932500004265,2.40819217142728,0.3938010785731465
task_only_00024,task_only,lure,post,3.46167860001151,2.170593221052274,1.2910853789592358
task_only_00024,task_only,lure,mid,1.888772375004919,2.7505041312524554,-0.8617317562475364
task_only_00024,task_only,lure,pre,5.348557333330973,2.3171402705877826,3.0314170627431904
task_only_00025,task_only,target,post,2.1276305727272056,1.4261156999999811,0.7015148727272245
task_only_00025,task_only,target,mid,2.1782380833333264,1.8894263714285964,0.28881171190473
task_only_00025,task_only,target,pre,1.9177818666668525,1.7223261428569978,0.19545572380985465
task_only_00025,task_only,lure,post,2.0206487400000697,1.6016301599999982,0.4190185800000714
task_only_00025,task_only,lure,mid,1.6489769499999056,1.9844262799999342,-0.3354493300000285
task_only_00025,task_only,lure,pre,1.8980822111110076,2.1862051727274032,-0.2881229616163956
task_only_00026,task_only,target,post,5.354549700000189,1.7856262533333696,3.5689234466668194
task_only_00026,task_only,target,mid,5.240475999999944,1.858306284210501,3.382169715789443
task_only_00026,task_only,target,pre,4.411243500000107,1.9305860142857065,2.4806574857144
task_only_00026,task_only,lure,post,2.4092783800000235,2.502329099999997,-0.09305071999997372
task_only_00026,task_only,lure,mid,1.7124893714285463,3.739703892307681,-2.027214520879135
task_only_00026,task_only,lure,pre,3.564977850000048,3.443405958333377,0.12157189166667104
task_only_00027,task_only,target,post,1.6606334500001139,1.4054423000003227,0.2551911499997912
task_only_00027,task_only,target,mid,1.8135250000001406,1.453378758333353,0.36014624166678755
task_only_00027,task_only,target,pre,3.8379973500000233,1.570166405555584,2.267830944444439
task_only_00027,task_only,lure,post,2.479753225000195,2.282050275000131,0.197702950000064
task_only_00027,task_only,lure,mid,1.9928050800000165,2.932471030000124,-0.9396659500001077
task_only_00027,task_only,lure,pre,1.6045458999999482,2.803056737500185,-1.198510837500237
task_only_00028,task_only,target,post,1.6066305799999099,1.1496226733335182,0.4570079066663917
task_only_00028,task_only,target,mid,1.859548125000174,1.366555006249996,0.4929931187501779
task_only_00028,task_only,target,pre,2.4877135000001545,1.2803640611111606,1.2073494388889938
task_only_00028,task_only,lure,post,2.095717783333233,1.4384266142857476,0.6572911690474854
task_only_00028,task_only,lure,mid,0.9690691000001607,2.0439423466666993,-1.0748732466665385
task_only_00028,task_only,lure,pre,1.2866021749998708,1.6014351187500324,-0.3148329437501616
task_only_00029,task_only,target,post,3.2705247571429936,1.6223722769226208,1.6481524802203729
task_only_00029,task_only,target,mid,2.930142874998637,1.4481006249995214,1.4820422499991157
task_only_00029,task_only,target,pre,3.8983323600012225,1.9827793200005543,1.9155530400006682
task_only_00029,task_only,lure,post,3.801451024999551,2.273790824999651,1.5276601999999002
task_only_00029,task_only,lure,mid,2.4849311750009897,2.044471287500528,0.4404598875004617
task_only_00029,task_only,lure,pre,3.1605263666679093,2.592873471428902,0.5676528952390072
task_only_00030,task_only,target,post,4.156407540000024,3.46394874000016,0.6924587999998639
task_only_00030,task_only,target,mid,4.3434413642856144,2.6278575333332506,1.7155838309523639
task_only_00030,task_only,target,pre,3.671292064285808,5.704764566666806,-2.033472502380998
task_only_00030,task_only,lure,post,2.861889400000109,2.3712641799998893,0.4906252200002199
task_only_00030,task_only,lure,mid,5.457896333333135,4.497084554545423,0.9608117787877122
task_only_00030,task_only,lure,pre,3.527346529999977,3.4145469900000536,0.11279953999992332
task_only_00032,task_only,target,post,1.4694968230794005,2.1355625000017295,-0.666065676922329
task_only_00032,task_only,target,mid,2.425218942866195,1.653513961536541,0.7717049813296539
task_only_00032,task_only,target,pre,2.6127319749987996,3.7100723249932344,-1.0973403499944347
task_only_00032,task_only,lure,post,1.7171304461528332,3.0494484428574133,-1.3323179967045802
task_only_00032,task_only,lure,mid,2.4492575214265213,1.7380975833317887,0.7111599380947327
task_only_00032,task_only,lure,pre,2.3656462461557775,1.748262200001461,0.6173840461543165
task_only_00033,task_only,target,post,2.1505289499999662,1.4195528812500129,0.7309760687499534
task_only_00033,task_only,target,mid,1.296414820000018,1.4282609266666593,-0.1318461066666412
task_only_00033,task_only,target,pre,2.1949509333333026,1.4526304714285547,0.7423204619047479
task_only_00033,task_only,lure,post,1.6992230727273017,1.794212333333361,-0.09498926060605939
task_only_00033,task_only,lure,mid,1.7009498714286175,1.553888253846148,0.1470616175824695
task_only_00033,task_only,lure,pre,1.5280103666666744,1.4980760181817914,0.029934348484883078
task_only_00034,task_only,target,post,4.077118893333439,1.6122406999988015,2.4648781933346373
task_only_00034,task_only,target,mid,1.6531451333333582,1.3512993000003917,0.30184583333296655
task_only_00034,task_only,target,pre,1.4203532846138562,1.2825765285711637,0.13777675604269257
task_only_00034,task_only,lure,post,1.2951963272710352,2.655277333333894,-1.360081006062859
task_only_00034,task_only,lure,mid,2.40489568889057,2.8215086545440666,-0.4166129656534965
task_only_00034,task_only,lure,pre,1.6881911727263783,2.2845978444448622,-0.5964066717184839
task_only_00035,task_only,target,post,2.7630883714259005,2.622862215384465,0.1402261560414355
task_only_00035,task_only,target,mid,3.679826587500429,2.4238231500033485,1.2560034374970805
task_only_00035,task_only,target,pre,2.5242412999905355,1.7234843166637195,0.800756983326816
task_only_00035,task_only,lure,post,2.2746128699945984,4.801521089996095,-2.5269082200014967
task_only_00035,task_only,lure,mid,2.5471085999969443,2.2692169545440595,0.2778916454528848
task_only_00035,task_only,lure,pre,3.0520748142859833,2.5403056846161443,0.511769129669839
task_only_00036,task_only,target,post,1.8700323285655551,1.004310783338345,0.8657215452272102
task_only_00036,task_only,target,mid,1.780024088890059,1.2877932545512025,0.4922308343388564
task_only_00036,task_only,target,pre,1.5191940714347376,1.5241200769244012,-0.0049260054896635985
task_only_00036,task_only,lure,post,1.7586877666666016,1.7588543941194932,-0.00016662745289153236
task_only_00036,task_only,lure,mid,2.110793677776302,1.3327603454579895,0.7780333323183124
task_only_00036,task_only,lure,pre,2.18288360000588,1.3811692076941164,0.8017143923117636
task_only_00037,task_only,target,post,1.9362611000076868,1.687835639998472,0.24842546000921484
task_only_00037,task_only,target,mid,2.460626799996438,1.3419071142811194,1.1187196857153185
task_only_00037,task_only,target,pre,1.578205285718598,1.7216553230760978,-0.14345003735749984
task_only_00037,task_only,lure,post,2.5586769999980996,1.8699543857115455,0.6887226142865541
task_only_00037,task_only,lure,mid,2.5172081299999265,1.961127100000158,0.5560810299997685
task_only_00037,task_only,lure,pre,1.8887706076963626,2.0053444571510357,-0.11657384945467308
task_only_00038,task_only,target,post,7.38333319999947,3.5771927444447,3.80614045555477
task_only_00038,task_only,target,mid,4.435935133335685,3.318392382352613,1.1175427509830724
task_only_00038,task_only,target,pre,4.680512266667695,3.9641423235302415,0.7163699431374537
task_only_00038,task_only,lure,post,4.315065920000779,6.687983370001166,-2.3729174500003865
task_only_00038,task_only,lure,mid,3.8919231499996387,4.494449829999939,-0.6025266800003006
task_only_00038,task_only,lure,pre,3.28763240999906,4.167799779999041,-0.880167369999981
task_only_00039,task_only,target,post,1.7593581999884917,1.2133212933433242,0.5460369066451676
task_only_00039,task_only,target,mid,2.5087351999944074,1.452914940014792,1.0558202599796154
task_only_00039,task_only,target,pre,1.2167535250191577,1.4123114375033765,-0.19555791248421883
task_only_00039,task_only,lure,post,2.897832200008755,2.4420376785648323,0.45579452144392274
task_only_00039,task_only,lure,mid,3.2359408400021494,1.4207627400018585,1.815178100000291
task_only_00039,task_only,lure,pre,2.1934789499937324,1.7108787562465295,0.48260019374720287
task_only_00040,task_only,target,post,2.4274348833326562,1.6390739357136357,0.7883609476190205
task_only_00040,task_only,target,mid,2.3721642333257478,1.3902945117614067,0.981869721564341
task_only_00040,task_only,target,pre,2.7366492000001017,1.332871306247398,1.4037778937527037
task_only_00040,task_only,lure,post,2.3683019624986628,2.914921483335396,-0.546619520836733
task_only_00040,task_only,lure,mid,1.8481124000077567,2.995696528577745,-1.1475841285699881
task_only_00040,task_only,lure,pre,2.0627966666676607,2.643922149993159,-0.5811254833254984
task_only_00041,task_only,target,post,1.2753144916690264,1.5642802125075832,-0.28896572083855676
task_only_00041,task_only,target,mid,1.3672936923103407,2.357399485714268,-0.9901057934039272
task_only_00041,task_only,target,pre,1.802493921427023,1.6916670833306853,0.11082683809633775
task_only_00041,task_only,lure,post,1.7262641230795102,1.1061505143048376,0.6201136087746726
task_only_00041,task_only,lure,mid,1.3397188250019099,1.331364050003079,0.00835477499883086
task_only_00041,task_only,lure,pre,1.2944630333351799,1.756304872714364,-0.4618418393791841
task_only_00042,task_only,target,post,3.1878152384574956,1.6767152000102215,1.5111000384472741
task_only_00042,task_only,target,mid,2.304319218166215,1.6606169555517327,0.6437022626144822
task_only_00042,task_only,target,pre,2.564660900014652,1.7015063076933774,0.8631545923212747
task_only_00042,task_only,lure,post,1.9284158636318436,2.13100145554765,-0.2025855919158066
task_only_00042,task_only,lure,mid,1.4995813700195868,3.325361810013419,-1.8257804399938322
task_only_00042,task_only,lure,pre,2.345942276915034,1.5169559428717807,0.8289863340432533
task_only_00043,task_only,target,post,3.765761100000236,2.4200265199974336,1.3457345800028024
task_only_00043,task_only,target,mid,2.440219733327265,1.5688900272785262,0.8713297060487388
task_only_00043,task_only,target,pre,2.4469024285707355,2.0587195923054913,0.3881828362652442
task_only_00043,task_only,lure,post,1.9956714166764868,3.98324449285948,-1.987573076182993
task_only_00043,task_only,lure,mid,2.1940939000051003,2.9033678533354155,-0.7092739533303152
task_only_00043,task_only,lure,pre,3.3595505428550365,2.3053365076865213,1.0542140351685152
task_only_00044,task_only,target,post,2.677401233331087,1.4020908142857869,1.2753104190453002
task_only_00044,task_only,target,mid,2.524621683335378,1.471160471425849,1.0534612119095288
task_only_00044,task_only,target,pre,2.1592577833337905,1.3991059500008955,0.7601518333328949
task_only_00044,task_only,lure,post,2.501822245454109,3.043458999999631,-0.5416367545455221
task_only_00044,task_only,lure,mid,1.7608146615384612,2.3788785142886417,-0.6180638527501805
task_only_00044,task_only,lure,pre,2.357158727273186,2.613354622226325,-0.25619589495313866
task_only_00045,task_only,target,post,2.907430128576899,1.7326557846166766,1.1747743439602225
task_only_00045,task_only,target,mid,1.9604477300017606,1.6924370700027793,0.2680106599989813
task_only_00045,task_only,target,pre,1.7642038099991624,6.031074779998744,-4.266870969999582
task_only_00045,task_only,lure,post,2.433434573332003,2.1411937800003216,0.2922407933316813
task_only_00045,task_only,lure,mid,1.814525313330038,2.1986085599986835,-0.38408324666864546
task_only_00045,task_only,lure,pre,1.5866554909047077,1.9215963111168497,-0.334940820212142
task_only_00046,task_only,target,post,3.727280611114111,2.5658113999948413,1.1614692111192695
task_only_00046,task_only,target,mid,3.2425162499945146,2.421611959999427,0.8209042899950876
task_only_00046,task_only,target,pre,5.519260685707975,2.0773159076925367,3.441944778015438
task_only_00046,task_only,lure,post,3.638757283323988,2.966191742851931,0.672565540472057
task_only_00046,task_only,lure,mid,3.6161800000053415,3.388996572736439,0.22718342726890262
task_only_00046,task_only,lure,pre,1.6322127999931884,2.750920176468379,-1.1187073764751905
task_only_00047,task_only,target,post,1.7685395666727952,1.6713425714406185,0.09719699523217673
task_only_00047,task_only,target,mid,2.1896585000213236,1.435658461113538,0.7540000389077857
task_only_00047,task_only,target,pre,1.861726475006435,1.235297181243368,0.6264292937630671
task_only_00047,task_only,lure,post,2.111507757142785,2.388792361540254,-0.27728460439746927
task_only_00047,task_only,lure,mid,1.755609390907921,1.4819974333254828,0.27361195758243806
task_only_00047,task_only,lure,pre,1.5809236000059173,1.8379423124933965,-0.2570187124874792
task_only_00048,task_only,target,post,2.7090780066714313,1.6622445799876004,1.0468334266838308
task_only_00048,task_only,target,mid,2.481103614280333,3.156327169240775,-0.675223554960442
task_only_00048,task_only,target,pre,3.072846216663796,2.621698364282825,0.4511478523809709
task_only_00048,task_only,lure,post,3.844570185698103,3.7448883384618408,0.09968184723626239
task_only_00048,task_only,lure,mid,1.7465082999842707,3.33279994999369,-1.5862916500094193
task_only_00048,task_only,lure,pre,3.7069196399999784,3.6594703599927016,0.04744928000727677
task_only_00049,task_only,target,post,3.8946670333333486,2.5208839714285642,1.3737830619047844
task_only_00049,task_only,target,mid,2.6014014555555605,3.094974245454544,-0.49357278989898346
task_only_00049,task_only,target,pre,2.3178111666666155,2.270346590909102,0.047464575757513394
task_only_00049,task_only,lure,post,2.3458443500000072,3.434730566666692,-1.0888862166666846
task_only_00049,task_only,lure,mid,3.4735685500000244,4.020246216666692,-0.5466776666666675
task_only_00049,task_only,lure,pre,2.7677662222222477,2.135943545454552,0.6318226767676958
task_only_00050,task_only,target,post,2.0693848785714573,1.6691261333334448,0.4002587452380124
task_only_00050,task_only,target,mid,2.2175888666668016,2.26850237142857,-0.05091350476176837
task_only_00050,task_only,target,pre,1.5554088999998992,2.3610621928571294,-0.8056532928572302
task_only_00050,task_only,lure,post,2.051828036363614,2.5161828555554973,-0.4643548191918834
task_only_00050,task_only,lure,mid,2.6930255333333357,2.089861509090869,0.6031640242424667
task_only_00050,task_only,lure,pre,2.00694886250011,2.348333408333398,-0.34138454583328803
task_only_00051,task_only,target,post,3.7164916166667954,2.1704325928571313,1.546059023809664
task_only_00051,task_only,target,mid,4.023449785714287,4.123986992307716,-0.10053720659342957
task_only_00051,task_only,target,pre,2.8347736444443905,2.894246227272726,-0.05947258282833534
task_only_00051,task_only,lure,post,3.4708802750005816,3.226332324999987,0.24454795000059448
task_only_00051,task_only,lure,mid,3.3738152666666488,3.257869207142903,0.11594605952374559
task_only_00051,task_only,lure,pre,3.951726750000186,3.162729028571448,0.7889977214287378
task_only_00052,task_only,target,post,0.9948372750004637,1.683789037500219,-0.6889517624997552
task_only_00052,task_only,target,mid,1.99584681666632,1.6025297642861136,0.3933170523802063
task_only_00052,task_only,target,pre,2.1433287999999657,3.0777534384615137,-0.934424638461548
task_only_00052,task_only,lure,post,1.3544893000003608,1.6674479769233306,-0.31295867692296975
task_only_00052,task_only,lure,mid,1.5879626999994798,3.284030269230733,-1.696067569231253
task_only_00052,task_only,lure,pre,1.3870028200006346,4.1705677333335185,-2.783564913332884
task_only_00053,task_only,target,post,2.832723937499395,2.036882650000431,0.795841287498964
task_only_00053,task_only,target,mid,3.8658263571394076,2.5297418307701056,1.336084526369302
task_only_00053,task_only,target,pre,2.1430900285735595,1.796620376914059,0.3464696516595005
task_only_00053,task_only,lure,post,1.940101375002996,2.838026624998747,-0.8979252499957511
task_only_00053,task_only,lure,mid,3.1052172571404038,2.999410769230543,0.1058064879098608
task_only_00053,task_only,lure,pre,2.5434614833308538,2.399361535715538,0.14409994761531575
task_only_00054,task_only,target,post,1.494162390002748,1.8649337799986825,-0.3707713899959344
task_only_00054,task_only,target,mid,2.0887888615342,1.5127129285662835,0.5760759329679166
task_only_00054,task_only,target,pre,1.9158781999954955,1.7277105199988,0.18816767999669537
task_only_00054,task_only,lure,post,1.4233730899984949,2.7263789999997243,-1.3030059100012295
task_only_00054,task_only,lure,mid,1.3211272999939796,1.4756741428697882,-0.15454684287580855
task_only_00054,task_only,lure,pre,1.3347185933263972,2.109776180004701,-0.7750575866783038
task_only_00055,task_only,target,post,2.251295366680198,1.580779545453631,0.6705158212265669
task_only_00055,task_only,target,mid,3.445111149994773,1.788459618754132,1.656651531240641
task_only_00055,task_only,target,pre,1.2103319799993186,1.37111307332137,-0.16078109332205126
task_only_00055,task_only,lure,post,1.4247648266648563,1.6471176999853925,-0.22235287332053622
task_only_00055,task_only,lure,mid,2.2722878769228165,2.9294375428497523,-0.6571496659269358
task_only_00055,task_only,lure,pre,1.886472668419102,3.4024857000331394,-1.5160130316140374
task_only_00056,task_only,target,post,1.911229469999671,2.091357970016543,-0.18012850001687197
task_only_00056,task_only,target,mid,3.377168499988329,1.5982316083342691,1.77893689165406
task_only_00056,task_only,target,pre,1.8748786200012546,2.376774260005914,-0.5018956400046592
task_only_00056,task_only,lure,post,2.264561349962605,2.203127622229254,0.061433727733350985
task_only_00056,task_only,lure,mid,2.119117640005425,2.2354831066836294,-0.11636546667820458
task_only_00056,task_only,lure,pre,1.9057238833338488,1.7056585428571063,0.20006534047674251
task_only_00057,task_only,target,post,2.661524750001263,2.2472621499968226,0.41426260000444026
task_only_00057,task_only,target,mid,2.779888429993298,1.5887518899922726,1.1911365400010254
task_only_00057,task_only,target,pre,2.60355454999808,1.4570619333195889,1.146492616678491
task_only_00057,task_only,lure,post,2.6178273250116035,2.5675766166629423,0.05025070834866119
task_only_00057,task_only,lure,mid,2.78984652498184,1.7074921916549404,1.0823543333268997
task_only_00057,task_only,lure,pre,2.315205199999683,1.927387299995065,0.38781790000461824
task_only_00058,task_only,target,post,1.428852299999562,1.806858866671165,-0.3780065666716028
task_only_00058,task_only,target,mid,2.0795357125007286,1.8762522000009387,0.20328351249978982
task_only_00058,task_only,target,pre,2.127324224995391,1.6003454749989032,0.5269787499964877
task_only_00058,task_only,lure,post,1.8431280625009094,2.429509033332579,-0.5863809708316694
task_only_00058,task_only,lure,mid,1.593334609090975,2.3394203777764537,-0.7460857686854787
task_only_00058,task_only,lure,pre,2.4081312250018527,2.5156249562523954,-0.10749373125054262
task_only_00059,task_only,target,post,1.3979404666752089,1.1439079928552798,0.2540324738199291
task_only_00059,task_only,target,mid,1.1405243999906816,1.2343279111082666,-0.093803511117585
task_only_00059,task_only,target,pre,4.139164499996696,1.0838784999990214,3.0552859999976745
task_only_00059,task_only,lure,post,1.3411901499785017,2.0438238611063246,-0.7026337111278229
task_only_00059,task_only,lure,mid,1.5795277166665376,1.7491567214310635,-0.16962900476452591
task_only_00059,task_only,lure,pre,1.820754240010865,1.8418085066718048,-0.021054266660939902
task_only_00060,task_only,target,post,2.962469679990318,1.166675706669533,1.7957939733207848
task_only_00060,task_only,target,mid,5.448148066663028,1.1167623411816106,4.331385725481417
task_only_00060,task_only,target,pre,2.2804229666556544,1.190380894109908,1.0900420725457463
task_only_00060,task_only,lure,post,1.6055196555551245,1.7985581727328033,-0.19303851717767873
task_only_00060,task_only,lure,mid,1.2086591666738968,2.447383135715167,-1.2387239690412701
task_only_00060,task_only,lure,pre,1.5902283624964184,1.636251899995841,-0.04602353749942267
task_only_00061,task_only,target,post,1.655308099987451,1.5863224315689877,0.06898566841846332
task_only_00061,task_only,target,mid,3.3626648999983444,1.8493942933312306,1.5132706066671138
task_only_00061,task_only,target,pre,1.9513180333306082,2.418095358835725,-0.46677732550511664
task_only_00061,task_only,lure,post,4.008395649994782,2.3020879833299355,1.7063076666648462
task_only_00061,task_only,lure,mid,2.3464465800032484,2.2254783899930772,0.12096819001017112
task_only_00061,task_only,lure,pre,2.317089388877826,2.8226572090908038,-0.5055678202129776
task_only_00062,task_only,target,post,3.1464200000004894,1.5223833062498215,1.6240366937506678
task_only_00062,task_only,target,mid,2.119011799999498,1.3791614000000616,0.7398503999994366
task_only_00062,task_only,target,pre,1.8351812000003822,1.2737816285714092,0.561399571428973
task_only_00062,task_only,lure,post,2.002746890909045,2.4544077555557227,-0.45166086464667776
task_only_00062,task_only,lure,mid,1.6326212000001559,2.1683396000002673,-0.5357184000001114
task_only_00062,task_only,lure,pre,2.231647449999946,2.447721300000194,-0.21607385000024815
task_only_00063,task_only,target,post,1.859433163636409,1.5869830777778082,0.27245008585860075
task_only_00063,task_only,target,mid,1.6980876571433328,2.333829830769481,-0.6357421736261482
task_only_00063,task_only,target,pre,1.392718399999285,1.2735006700000668,0.11921772999921809
task_only_00063,task_only,lure,post,1.4965624000000057,1.608834522223333,-0.11227212222332716
task_only_00063,task_only,lure,mid,1.7124340818184216,1.4591450999998616,0.25328898181855997
task_only_00063,task_only,lure,pre,1.881684916666624,1.7631971999994676,0.11848771666715652
task_only_00064,task_only,target,post,2.5105791374953697,1.8014107750010833,0.7091683624942864
task_only_00064,task_only,target,mid,2.0507541454598224,1.7116511444393028,0.3391030010205196
task_only_00064,task_only,target,pre,1.746810223092325,1.652973385702353,0.09383683738997206
task_only_00064,task_only,lure,post,2.3062924333304786,2.2799875571342585,0.02630487619622013
task_only_00064,task_only,lure,mid,1.3837028999696486,2.4206116999940654,-1.0369088000244169
task_only_00064,task_only,lure,pre,2.8243511200184,2.2642192800024836,0.5601318400159165
task_only_00065,task_only,target,post,1.7013516000006348,1.734683050000361,-0.03333144999972615
task_only_00065,task_only,target,mid,2.1874182416674253,1.8566937125015102,0.3307245291659151
task_only_00065,task_only,target,pre,1.5633646625028632,1.4232324749973486,0.1401321875055146
task_only_00065,task_only,lure,post,2.9911451499938266,1.9464587500001977,1.044686399993629
task_only_00065,task_only,lure,mid,2.39178722500219,2.0970816333331945,0.29470559166899557
task_only_00065,task_only,lure,pre,1.786961075002182,1.6932813124994937,0.09367976250268839
task_only_00066,task_only,target,post,1.3258034300000872,1.2361998599999424,0.08960357000014474
task_only_00066,task_only,target,mid,1.1857694111110202,1.2974065181820564,-0.11163710707103625
task_only_00066,task_only,target,pre,1.3326771874999395,1.4288543750000524,-0.09617718750011295
task_only_00066,task_only,lure,post,1.0073913307691886,1.7146679285714137,-0.7072765978022251
task_only_00066,task_only,lure,mid,1.266919950000177,1.492549812499874,-0.22562986249969685
task_only_00066,task_only,lure,pre,1.1575248769230921,1.4672202857139252,-0.309695408790833
task_only_00067,task_only,target,post,2.9062976000013805,2.637800024999933,0.26849757500144733
task_only_00067,task_only,target,mid,2.5080788714284217,2.476533861538393,0.03154500989002873
task_only_00067,task_only,target,pre,2.245993049999015,1.946929722221992,0.29906332777702316
task_only_00067,task_only,lure,post,1.7991278000008606,2.711166483332919,-0.9120386833320584
task_only_00067,task_only,lure,mid,4.517041199999949,2.1784999933341167,2.338541206665832
task_only_00067,task_only,lure,pre,1.6218643000001975,3.1197380500004783,-1.4978737500002808
task_only_00068,task_only,target,post,2.738387985707959,1.8123301769194837,0.9260578087884754
task_only_00068,task_only,target,mid,1.748466583332629,6.04648698571795,-4.298020402385321
task_only_00068,task_only,target,pre,1.8265187200042419,1.2360358066682238,0.5904829133360181
task_only_00068,task_only,lure,post,2.0420715250038484,1.6806698916649718,0.36140163333887654
task_only_00068,task_only,lure,mid,1.6523601428572354,1.9595220384631271,-0.3071618956058917
task_only_00068,task_only,lure,pre,2.4962236500044432,1.6175825357183515,0.8786411142860917
task_only_00069,task_only,target,post,1.2797035000003234,1.5326403857142006,-0.2529368857138772
task_only_00069,task_only,target,mid,2.9857572624996465,2.0138221166669914,0.9719351458326551
task_only_00069,task_only,target,pre,2.489944629999809,2.1209811699996863,0.3689634600001228
task_only_00069,task_only,lure,post,2.239836954545436,2.857877588888894,-0.6180406343434579
task_only_00069,task_only,lure,mid,2.396362518181625,2.62425163333339,-0.2278891151517648
task_only_00069,task_only,lure,pre,2.613250775000097,2.183830283333009,0.42942049166708784
task_only_00070,task_only,target,post,2.7945829250093084,1.9077877750023617,0.8867951500069466
task_only_00070,task_only,target,mid,2.8543360999950287,1.4009244375047274,1.4534116624903013
task_only_00070,task_only,target,pre,2.624842645454919,2.4492909777780167,0.17555166767690222
task_only_00070,task_only,lure,post,2.444231188891637,1.9887590363664045,0.4554721525252323
task_only_00070,task_only,lure,mid,2.687103433330776,1.8835333909082692,0.803570042422507
task_only_00070,task_only,lure,pre,2.5060813857042894,2.036205892307827,0.4698754933964624
task_only_00071,task_only,target,post,2.9062976000013805,2.637800024999933,0.26849757500144733
task_only_00071,task_only,target,mid,2.5080788714284217,2.476533861538393,0.03154500989002873
task_only_00071,task_only,target,pre,2.245993049999015,1.946929722221992,0.29906332777702316
task_only_00071,task_only,lure,post,1.7991278000008606,2.711166483332919,-0.9120386833320584
task_only_00071,task_only,lure,mid,4.517041199999949,2.1784999933341167,2.338541206665832
task_only_00071,task_only,lure,pre,1.6218643000001975,3.1197380500004783,-1.4978737500002808
task_only_00072,task_only,target,post,3.3818978999974205,,
task_only_00072,task_only,target,mid,2.3234620900009757,,
task_only_00072,task_only,target,pre,2.8173351349978475,,
task_only_00072,task_only,lure,post,2.118481889474328,1.7887391000112984,0.3297427894630296
task_only_00072,task_only,lure,mid,2.340801900001488,5.4239332000142895,-3.0831313000128016
task_only_00072,task_only,lure,pre,2.524010594441077,3.349475250011892,-0.8254646555708152
