participant_uid,condition,item_role,mean_rt_incorrect,mean_rt_correct,delta_rt_incorrect_minus_correct
both_00015,both,target,2.209715300000051,2.0142747186046637,0.19544058139538745
both_00015,both,lure,2.125329210810808,2.147625308695573,-0.022296097884765054
both_00016,both,target,2.8835801647056702,2.3484219604650334,0.5351582042406369
both_00016,both,lure,3.042265552381217,2.7172815410255375,0.32498401135567967
both_00017,both,target,4.3965243192310135,2.4393952147057623,1.9571291045252512
both_00017,both,lure,2.237105851851892,2.4970285484851047,-0.2599226966332129
both_00018,both,target,1.1841540285729155,0.8818705326092363,0.3022834959636792
both_00018,both,lure,1.133012009678491,1.1272409965513988,0.005771013127092273
both_00019,both,target,3.1913914965522867,2.749349161289208,0.4420423352630789
both_00019,both,lure,2.8340049641044924,2.38036553809763,0.4536394260068626
both_00020,both,target,1.5437075054033886,1.2604225652163301,0.2832849401870585
both_00020,both,lure,1.7675113916684495,1.4003228833328951,0.3671885083355544
both_00022,both,target,2.741510649999937,2.921792252631564,-0.18028160263162718
both_00022,both,lure,3.778179521951188,3.8597738000000246,-0.08159427804883679
both_00024,both,target,1.726582312499886,1.2461405826923755,0.48044172980751054
both_00024,both,lure,1.6182171162161318,2.4011677478261926,-0.7829506316100607
both_00025,both,target,1.8874753809520501,1.4843601820509484,0.4031151989011017
both_00025,both,lure,1.5693737470588958,1.774264357692328,-0.20489061063343228
both_00026,both,target,2.2618013333330356,2.1980098166665507,0.06379151666648486
both_00026,both,lure,1.8968795080002747,2.8032616657140483,-0.9063821577137736
both_00027,both,target,1.748112766666711,1.131988280392195,0.6161244862745159
both_00027,both,lure,1.0673170565216978,1.3571732432432437,-0.2898561867215459
both_00028,both,target,2.6498354960000143,2.261661028571273,0.3881744674287413
both_00028,both,lure,1.9808272861110305,3.3130808666667235,-1.332253580555693
both_00029,both,target,3.3235889583332514,2.0497549444446324,1.273834013888619
both_00029,both,lure,2.41370137000049,2.1870874080000067,0.22661396200048323
both_00030,both,target,2.827272734210534,1.7838596045455068,1.043413129665027
both_00030,both,lure,2.033739560526364,2.5286424454546417,-0.4949028849282775
both_00031,both,target,1.9847506545378233,1.9133662526299686,0.07138440190785467
both_00031,both,lure,2.1657736956587303,1.9168833972952277,0.24889029836350263
both_00032,both,target,2.0960064249981465,1.2828770083345564,0.8131294166635901
both_00032,both,lure,1.64644834871974,1.7450095571423714,-0.09856120842263127
both_00033,both,target,1.8041944708334086,1.4915753500002513,0.31261912083315724
both_00033,both,lure,1.741956629166907,2.22973313333331,-0.48777650416640306
both_00034,both,target,2.5596225413810942,2.3546820322564246,0.20494050912466966
both_00034,both,lure,2.7189134999976625,2.384633702562543,0.3342797974351197
both_00036,both,target,1.6960678045487094,1.3393658052618296,0.35670199928687985
both_00036,both,lure,1.834593552500155,1.9017897300000186,-0.06719617749986351
both_00037,both,target,5.281129400003313,1.595801513723107,3.685327886280206
both_00037,both,lure,2.16724930816254,4.719926999998279,-2.552677691835739
both_00038,both,target,1.592056467644665,1.5546947961556725,0.03736167148899239
both_00038,both,lure,1.359312858622208,1.27423453870635,0.08507831991585801
both_00039,both,target,3.325859710003715,1.7110504659975414,1.6148092440061734
both_00039,both,lure,3.927907894731585,2.812016699997581,1.115891194734004
both_00040,both,target,3.022717121429326,1.860069854347587,1.1626472670817387
both_00040,both,lure,2.0326998439005566,2.2932495210567905,-0.2605496771562339
both_00041,both,target,3.0286861812503503,3.43895720357198,-0.4102710223216297
both_00041,both,lure,3.7635020199988505,2.9540785020004843,0.8094235179983662
both_00042,both,target,2.3893347999985832,1.7248972687500554,0.6644375312485278
both_00042,both,lure,1.8497708577777505,2.2110091466660378,-0.36123828888828724
both_00043,both,target,2.702396596553093,2.3203282677446446,0.3820683288084483
both_00043,both,lure,3.432275957143117,2.7682936000007126,0.6639823571424044
both_00044,both,target,5.549822577778185,1.501416243136833,4.048406334641352
both_00044,both,lure,2.098515343241947,3.376668000000316,-1.278152656758369
both_00045,both,target,1.8543289041675355,1.6119748361104738,0.24235406805706172
both_00045,both,lure,2.0637832125015847,1.9277044649992603,0.1360787475023244
both_00046,both,target,3.248178906253088,2.1684781386356917,1.0797007676173962
both_00046,both,lure,2.5399521650004315,2.565618334998726,-0.025666169998294297
both_00047,both,target,3.3912767809538527,1.8591100692253513,1.5321667117285014
both_00047,both,lure,1.9604074894665053,2.9556768609710584,-0.9952693715045531
both_00049,both,target,2.7742651323599548,1.559290280771585,1.2149748515883698
both_00049,both,lure,2.971404003128555,3.339735239293077,-0.3683312361645221
both_00050,both,target,1.73247218947539,1.6559136878094272,0.0765585016659629
both_00050,both,lure,1.7299292928593266,1.8084638687469123,-0.07853457588758572
both_00051,both,target,2.7495115363589404,2.4282092605257946,0.32130227583314586
both_00051,both,lure,3.4406206559948624,2.605409374285955,0.8352112817089075
both_00052,both,target,1.6969450562464772,1.1218384227342375,0.5751066335122397
both_00052,both,lure,1.6328679977825635,1.9628320466765823,-0.32996404889401876
both_00053,both,target,3.8667088999948462,3.597028591432276,0.2696803085625703
both_00053,both,lure,4.421561764710693,3.176357032561967,1.2452047321487254
both_00054,both,target,2.085409011096797,1.4190217529414404,0.6663872581553567
both_00054,both,lure,1.584919939397933,1.7276902036974207,-0.1427702642994877
both_00055,both,target,1.6006883874999858,1.7464143194445871,-0.14572593194460137
both_00055,both,lure,2.1328212086954133,2.4182389428568576,-0.28541773416144434
both_00056,both,target,2.3283718952388015,1.460735174366094,0.8676367208727076
both_00056,both,lure,1.683048931246958,1.951074957140788,-0.26802602589382984
both_00057,both,target,2.1442014000002185,1.8085007552634986,0.3357006447367199
both_00057,both,lure,1.6431871777776568,1.8271976909087575,-0.18401051313110073
both_00058,both,target,7.591610508004669,6.324125851421351,1.267484656583318
both_00058,both,lure,6.428446405254745,7.0492168454564474,-0.620770440201702
both_00059,both,target,2.2096971000017436,1.5951094348809336,0.61458766512081
both_00059,both,lure,2.319573818518418,2.27876621818304,0.04080760033537789
both_00060,both,target,3.368325941666645,1.92440402500002,1.443921916666625
both_00060,both,lure,1.968146761290295,2.426815386206915,-0.45866862491661986
both_00061,both,target,3.245907004007604,2.3991680800049964,0.8467389240026075
both_00061,both,lure,2.804236254768468,2.8709023333277504,-0.0666660785592823
both_00062,both,target,3.10126195455351,2.4222347959187074,0.6790271586348027
both_00062,both,lure,2.5802189852932798,4.06042239231353,-1.4802034070202503
both_00063,both,target,2.261590795247771,1.8250911666650491,0.43649962858272207
both_00063,both,lure,2.258875521880327,2.518636353569621,-0.25976083168929387
both_00064,both,target,2.081270962074431,1.7804959354858334,0.3007750265885978
both_00064,both,lure,2.343959538233535,2.1602243730762543,0.18373516515728072
both_00065,both,target,2.499391790484965,1.7051833230876723,0.7942084673972929
both_00065,both,lure,2.1569952473510057,1.985930236584575,0.17106501076643066
both_00066,both,target,5.035589780006558,2.4136258700001054,2.6219639100064525
both_00066,both,lure,3.7414240937505383,2.559756772726277,1.1816673210242614
both_00067,both,target,3.5880757333361544,1.3739978862748317,2.214077847061323
both_00067,both,lure,2.39502933590064,2.6031738666767654,-0.2081445307761256
item_only_00001,item_only,target,2.0945857473691976,2.5443838853659653,-0.4497981379967677
item_only_00001,item_only,lure,1.6778419653847567,2.3962272735289467,-0.71838530814419
item_only_00002,item_only,target,8.825688699999882,6.783190694285856,2.042498005714026
item_only_00002,item_only,lure,6.572407168571538,9.55941112800021,-2.987003959428672
item_only_00003,item_only,target,1.987218633334258,1.5497402999996364,0.4374783333346217
item_only_00003,item_only,lure,1.924019440476037,2.106128994446206,-0.18210955397016892
item_only_00004,item_only,target,1.6164075349995983,1.6816281624996918,-0.0652206275000935
item_only_00004,item_only,lure,2.0989999629635823,1.6503840939372876,0.4486158690262947
item_only_00005,item_only,target,1.8434929714286616,1.3647364500002763,0.4787565214283853
item_only_00005,item_only,lure,1.6355139958329044,1.7371755777773312,-0.10166158194442687
item_only_00006,item_only,target,5.158854114285662,3.1292054456511242,2.0296486686345374
item_only_00006,item_only,lure,3.5723321172423814,4.175043935483817,-0.6027118182414357
item_only_00007,item_only,target,2.394298569994862,2.359470017997664,0.03482855199719781
item_only_00007,item_only,lure,2.3613646319160795,6.051925253846163,-3.690560621930084
item_only_00008,item_only,target,4.98428069285725,2.8710722934782433,2.1132083993790065
item_only_00008,item_only,lure,4.454656253571443,4.583815400000006,-0.12915914642856308
item_only_00009,item_only,target,1.7822662347826221,1.6327541918918862,0.14951204289073594
item_only_00009,item_only,lure,2.122814466666703,1.9415167393938673,0.18129772727283577
item_only_00010,item_only,target,1.78865837058827,1.2012065139534824,0.5874518566347875
item_only_00010,item_only,lure,1.2671873742857316,1.7032622880000599,-0.43607491371432827
item_only_00011,item_only,target,2.3464096714287734,1.6435075108697477,0.7029021605590258
item_only_00011,item_only,lure,1.8257332055556819,2.0664583214285295,-0.24072511587284762
item_only_00012,item_only,target,2.577853194737384,2.677506509090811,-0.09965331435342684
item_only_00012,item_only,lure,2.5026870571427935,2.7081266562499877,-0.20543959910719423
item_only_00013,item_only,target,2.0315629476190225,1.6562185794871602,0.3753443681318622
item_only_00013,item_only,lure,2.583096099999938,2.2843518852941997,0.2987442147057382
item_only_00014,item_only,target,1.7625738612904305,1.695683306896485,0.06689055439394553
item_only_00014,item_only,lure,1.2467053071428122,1.9269163111110477,-0.6802110039682354
item_only_00015,item_only,target,6.047943512499955,5.258780497727127,0.7891630147728286
item_only_00015,item_only,lure,6.024073293333519,4.419105020000117,1.6049682733334016
item_only_00016,item_only,target,2.331995866666754,1.2889694277777448,1.0430264388890091
item_only_00016,item_only,lure,2.0194024531249966,2.8414556142856133,-0.8220531611606168
item_only_00017,item_only,target,1.7486402444192208,1.4614413690481645,0.2871988753710564
item_only_00017,item_only,lure,1.8276328428570803,1.70105383077708,0.12657901208000033
item_only_00018,item_only,target,1.5622404999976425,1.5334242288470425,0.028816271150599926
item_only_00018,item_only,lure,1.581058537500212,1.3183615857155278,0.2626969517846842
item_only_00019,item_only,target,2.3724312411744477,1.5000511465139341,0.8723800946605136
item_only_00019,item_only,lure,1.8804621733356421,2.1779222366691102,-0.2974600633334681
item_only_00020,item_only,target,4.586079377776413,2.2000901619047952,2.3859892158716174
item_only_00020,item_only,lure,3.0893997291677806,3.5599595333321,-0.4705598041643193
item_only_00021,item_only,target,2.3484877562550537,1.5115141386393753,0.8369736176156783
item_only_00021,item_only,lure,2.158204803126864,2.2034734142881853,-0.04526861116132119
item_only_00022,item_only,target,5.451488820001396,3.6948686300005646,1.7566201900008314
item_only_00022,item_only,lure,4.402021670454732,6.444294606250878,-2.042272935796146
item_only_00023,item_only,target,2.8450282047547044,1.9682832307746418,0.8767449739800626
item_only_00023,item_only,lure,3.122274719227929,3.963207311765633,-0.8409325925377038
item_only_00024,item_only,target,2.3604260857156034,1.45504706410224,0.9053790216133635
item_only_00024,item_only,lure,1.4879868895826196,3.0826905666629805,-1.5947036770803609
item_only_00025,item_only,target,2.2693822176481584,1.5193346465117472,0.7500475711364112
item_only_00025,item_only,lure,1.8770110281261623,1.8629497749997037,0.014061253126458562
item_only_00026,item_only,target,2.7789684500057774,1.7864627477273727,0.9925057022784047
item_only_00026,item_only,lure,2.2673546210464433,1.852383053651443,0.4149715673950003
item_only_00027,item_only,target,1.9087829368424871,1.9385874121948201,-0.029804475352332993
item_only_00027,item_only,lure,2.08697988928647,2.235175971875833,-0.1481960825893629
item_only_00028,item_only,target,3.5459428166698976,2.0086058055547054,1.5373370111151923
item_only_00028,item_only,lure,2.3118127789474734,3.1092355590934115,-0.7974227801459381
item_only_00029,item_only,target,1.6078618666571047,1.8863788541784743,-0.27851698752136955
item_only_00029,item_only,lure,2.0738307333318518,1.495533093336659,0.5782976399951927
item_only_00030,item_only,target,3.9067624375002197,1.7088667750004705,2.197895662499749
item_only_00030,item_only,lure,2.556967627586283,3.2792516290325193,-0.7222840014462362
item_only_00031,item_only,target,2.6645749800023624,2.0534058018185366,0.6111691781838258
item_only_00031,item_only,lure,3.582808916665575,2.3914718214301893,1.1913370952353857
item_only_00032,item_only,target,1.8456682484865077,1.922380485181714,-0.07671223669520622
item_only_00032,item_only,lure,2.0240900999958216,1.9675052852946786,0.05658481470114296
item_only_00033,item_only,target,5.516518395820943,4.236353966659711,1.280164429161232
item_only_00033,item_only,lure,3.909961500013846,6.659728322229865,-2.7497668222160194
item_only_00034,item_only,target,2.1444934142803374,1.585872817396075,0.5586205968842624
item_only_00034,item_only,lure,1.7587876499986606,1.8585223423052901,-0.09973469230662957
item_only_00035,item_only,target,2.6214038960030304,2.05968602856987,0.5617178674331602
item_only_00035,item_only,lure,2.247702839291638,2.2754912093769235,-0.027788370085285674
item_only_00036,item_only,target,4.795982000010554,2.4790467000007173,2.3169353000098365
item_only_00036,item_only,lure,4.505797172228792,4.948975274999005,-0.4431781027702124
item_only_00037,item_only,target,2.81129450000137,1.69482387646841,1.1164706235329598
item_only_00037,item_only,lure,2.082136964709635,3.2533067860437535,-1.1711698213341184
item_only_00038,item_only,target,2.611441495457918,1.765878413151337,0.845563082306581
item_only_00038,item_only,lure,2.0183460928383283,2.3538983521815995,-0.33555225934327115
item_only_00039,item_only,target,2.893266952942427,1.3970007627943888,1.496266190148038
item_only_00039,item_only,lure,2.0333742833342208,2.470219347916403,-0.4368450645821822
item_only_00040,item_only,target,1.5604392279940658,1.532053128570052,0.02838609942401371
item_only_00040,item_only,lure,1.9332847655228949,1.822885300006507,0.1103994655163878
item_only_00041,item_only,target,4.186705511761829,2.5664421790604326,1.6202633327013967
item_only_00041,item_only,lure,2.3817643272658726,2.4924940184221334,-0.11072969115626075
item_only_00042,item_only,target,3.0241534714204525,2.0764839320024477,0.9476695394180048
item_only_00042,item_only,lure,2.7247188208275475,3.0746888555554,-0.3499700347278525
item_only_00043,item_only,target,1.7363128315766134,1.9901535363619174,-0.25384070478530396
item_only_00043,item_only,lure,1.6770789837857984,2.3555631956525915,-0.6784842118667931
item_only_00044,item_only,target,3.1898077730796874,2.0623600529369845,1.127447720142703
item_only_00044,item_only,lure,2.88288026000082,2.2854660850105573,0.5974141749902628
item_only_00045,item_only,target,2.679859809090637,1.7856637632666745,0.8941960458239626
item_only_00045,item_only,lure,2.5249122133284496,2.1276086600005835,0.39730355332786615
item_only_00046,item_only,target,3.902172716674007,1.5203387499980938,2.381833966675913
item_only_00046,item_only,lure,1.748117990908213,2.9753818124954705,-1.2272638215872576
item_only_00047,item_only,target,2.64527612631393,1.633797773171398,1.011478353142532
item_only_00047,item_only,lure,1.880960671425176,1.836620028194888,0.04434064323028819
item_only_00048,item_only,target,3.934447100000019,2.3445674854167087,1.5898796145833103
item_only_00048,item_only,lure,3.182498176470584,3.2402720269230065,-0.05777385045242234
item_only_00049,item_only,target,4.701285949997449,4.017513223326144,0.6837727266713047
item_only_00049,item_only,lure,4.049038426474641,5.45686059230446,-1.4078221658298196
item_only_00050,item_only,target,4.573653146153858,2.7217138829787184,1.8519392631751397
item_only_00050,item_only,lure,3.730514716666671,3.006424013888894,0.7240907027777768
item_only_00051,item_only,target,10.550232458822018,4.112561372087099,6.437671086734919
item_only_00051,item_only,lure,7.534554323081513,5.6905827095366215,1.8439716135448911
item_only_00052,item_only,target,2.2651850580645436,2.4524664586206826,-0.18728140055613895
item_only_00052,item_only,lure,2.5004799857141604,2.6726712279999627,-0.1721912422858023
item_only_00053,item_only,target,4.429339154545563,3.4164995888889584,1.0128395656566043
item_only_00053,item_only,lure,3.326122825806388,4.181297089655095,-0.8551742638487068
item_only_00054,item_only,target,3.553674578947003,2.8343706500044474,0.7193039289425553
item_only_00054,item_only,lure,3.525887002559522,3.8701158047576123,-0.3442288021980904
item_only_00055,item_only,target,3.092828672733793,2.176143747369918,0.9166849253638749
item_only_00055,item_only,lure,2.1044004719983787,2.5420053971449046,-0.43760492514652594
item_only_00056,item_only,target,2.833586347828437,2.3135923405399708,0.5199940072884663
item_only_00056,item_only,lure,3.8743665483817757,3.790447096554121,0.0839194518276547
task_only_00019,task_only,target,1.7951962357144242,1.237580697826141,0.5576155378882832
task_only_00019,task_only,lure,1.6479178800000487,2.1722577040000033,-0.5243398239999546
task_only_00020,task_only,target,2.101832578571183,1.7558681000000038,0.34596447857117907
task_only_00020,task_only,lure,2.2646328800001356,3.507436107999965,-1.2428032279998296
task_only_00021,task_only,target,2.11455592592581,1.4997469181813137,0.6148090077444963
task_only_00021,task_only,lure,2.1553337999995907,1.7188457184211554,0.4364880815784353
task_only_00022,task_only,target,2.621684209998057,1.4393776220004657,1.1823065879975911
task_only_00022,task_only,lure,1.6054999555546803,1.9604817095227882,-0.35498175396810794
task_only_00023,task_only,target,1.9696168176477145,1.6104254023274163,0.3591914153202982
task_only_00023,task_only,lure,2.436372783998377,2.397155994287459,0.03921678971091769
task_only_00024,task_only,target,3.796641617644448,2.133758916279645,1.6628827013648033
task_only_00024,task_only,lure,3.382805012503013,2.3969369596158616,0.9858680528871515
task_only_00025,task_only,target,2.086089391304362,1.7135020675675174,0.37258732373684467
task_only_00025,task_only,lure,1.8198230458332698,1.8865825583333542,-0.06675951250008438
task_only_00026,task_only,target,4.873390458333461,1.856675362499999,3.0167150958334616
task_only_00026,task_only,lure,2.584001288000018,3.2845803742857242,-0.7005790862857064
task_only_00027,task_only,target,1.9395264600001156,1.4939490850000994,0.44557737500001626
task_only_00027,task_only,lure,2.014735961111152,2.635391011904912,-0.62065505079376
task_only_00028,task_only,target,1.8587974909091414,1.2684851693878285,0.5903123215213129
task_only_00028,task_only,lure,1.5044040599999788,1.6982237711111439,-0.19381971111116503
task_only_00029,task_only,target,3.291323904999808,1.705243422499916,1.5860804824998922
task_only_00029,task_only,lure,2.9085516545462515,2.343069792105349,0.5654818624409024
task_only_00030,task_only,target,4.059357700000007,3.959733900000067,0.09962379999993987
task_only_00030,task_only,lure,3.897014699999968,3.4621303806451316,0.4348843193548366
task_only_00032,task_only,target,2.1072742187525364,2.3616141999976077,-0.2543399812450713
task_only_00032,task_only,lure,2.184142557499581,2.2006280000001426,-0.016485442500561387
task_only_00033,task_only,target,1.8835930333333182,1.4327463688888857,0.45084666444443244
task_only_00033,task_only,lure,1.6425998592592856,1.6008271060606025,0.04177275319868312
task_only_00034,task_only,target,2.4864779424995502,1.3924816799997644,1.0939962624997859
task_only_00034,task_only,lure,1.7568168935479573,2.60329213103426,-0.8464752374863027
task_only_00035,task_only,target,2.9988765956482184,2.266618875675753,0.7322577199724654
task_only_00035,task_only,lure,2.5782549923046294,3.1176638617633965,-0.5394088694587671
task_only_00036,task_only,target,1.7611675966657154,1.3335050500036838,0.42766254666203163
task_only_00036,task_only,lure,2.081757452633036,1.5247826390266532,0.5569748136063828
task_only_00037,task_only,target,1.9718057388915138,1.5829941285690958,0.38881161032241796
task_only_00037,task_only,lure,2.305247227778535,1.947431787501652,0.35781544027688317
task_only_00038,task_only,target,5.264501075001135,3.619087680769483,1.6454133942316522
task_only_00038,task_only,lure,3.831540493333159,5.116744326666716,-1.2852038333335565
task_only_00039,task_only,target,1.871962935713652,1.3606636195744732,0.5112993161391788
task_only_00039,task_only,lure,2.8227075466692138,1.8416450822195556,0.9810624644496582
task_only_00040,task_only,target,2.509822984613353,1.444850695742408,1.0649722888709447
task_only_00040,task_only,lure,2.0522859666697597,2.85556706296349,-0.8032810962937305
task_only_00041,task_only,target,1.4952181230779762,1.8650495523830788,-0.3698314293051026
task_only_00041,task_only,lure,1.4936450500021843,1.4346258600009605,0.0590191900012238
task_only_00042,task_only,target,2.733604380641238,1.6828324482776225,1.0507719323636153
task_only_00042,task_only,lure,1.9619305235306348,2.4250508769294425,-0.46312035339880775
task_only_00043,task_only,target,2.7580523857115105,2.0595267384614533,0.6985256472500572
task_only_00043,task_only,lure,2.581186211114982,3.0782217928568745,-0.49703558174189233
task_only_00044,task_only,target,2.4537602333334183,1.4241190785708437,1.0296411547625746
task_only_00044,task_only,lure,2.181125180000007,2.702538888002164,-0.5214137080021568
task_only_00045,task_only,target,2.133278751853612,3.0230195060615768,-0.8897407542079647
task_only_00045,task_only,lure,1.9798197243873756,2.052283078949825,-0.07246335456244934
task_only_00046,task_only,target,4.023288953843383,2.336622111762956,1.686666842080427
task_only_00046,task_only,lure,3.2930445611095314,2.989792611904531,0.3032519492050003
task_only_00047,task_only,target,1.8697883583420964,1.4376125666688797,0.43217579167321674
task_only_00047,task_only,lure,1.7687780266685877,1.9698605366633273,-0.20108250999473953
task_only_00048,task_only,target,2.7300347392863062,2.6889766625008633,0.04105807678544293
task_only_00048,task_only,lure,3.551273910518687,3.5431378317028623,0.008136078815824455
task_only_00049,task_only,target,2.818371491666653,2.6197473555555555,0.19862413611109764
task_only_00049,task_only,lure,2.8586079680000194,3.2272885828571622,-0.3686806148571429
task_only_00050,task_only,target,1.984975957692331,2.200842961764719,-0.21586700407238824
task_only_00050,task_only,lure,2.2451046107143093,2.306691349999994,-0.06158673928568481
task_only_00051,task_only,target,3.4534573181818318,3.04827883421053,0.40517848397130196
task_only_00051,task_only,lure,3.6147983250002085,3.216129375000016,0.39866895000019253
task_only_00052,task_only,target,1.8210430352940903,2.078763627907181,-0.25772059261309055
task_only_00052,task_only,lure,1.4490620052632661,3.095798370731844,-1.646736365468578
task_only_00053,task_only,target,2.942009372726633,2.1232973815762977,0.8187119911503355
task_only_00053,task_only,lure,2.63280559999882,2.743995988371966,-0.11119038837314621
task_only_00054,task_only,target,1.8562018515129404,1.722793833331067,0.1334080181818733
task_only_00054,task_only,lure,1.353399071047438,2.1882904500049665,-0.8348913789575285
task_only_00055,task_only,target,2.2274312666720815,1.5850148809494429,0.6424163857226386
task_only_00055,task_only,lure,1.8458339468070721,2.4726259230698746,-0.6267919762628025
task_only_00056,task_only,target,2.3170867464255673,1.9956281750073686,0.3214585714181988
task_only_00056,task_only,lure,2.0430041692273404,2.0652715617102233,-0.022267392482882897
task_only_00057,task_only,target,2.6872345785689373,1.745152612491438,0.9420819660774993
task_only_00057,task_only,lure,2.563929503997788,2.071488171421723,0.4924413325760648
task_only_00058,task_only,target,1.7766503434775032,1.7400617243252487,0.03658861915225442
task_only_00058,task_only,lure,1.821923047826757,2.4448348945950635,-0.6229118467683066
task_only_00059,task_only,target,1.8947020600026008,1.1548485459981022,0.7398535140044986
task_only_00059,task_only,lure,1.6356398307700426,1.8915776851069321,-0.25593785433688954
task_only_00060,task_only,target,3.4543692272643303,1.1575830734693635,2.296786153794967
task_only_00060,task_only,lure,1.4966721217396022,1.9914196378384665,-0.49474751609886436
task_only_00061,task_only,target,2.702509633330111,1.9409541509801285,0.7615554823499826
task_only_00061,task_only,lure,2.829090203699673,2.4523960302996617,0.3766941734000113
task_only_00062,task_only,target,2.337798090909432,1.395819230612205,0.9419788602972268
task_only_00062,task_only,lure,1.9680093700000119,2.3472872800002125,-0.3792779100002006
task_only_00063,task_only,target,1.6524129428570242,1.792426318750131,-0.1400133758931068
task_only_00063,task_only,lure,1.7023288323530057,1.6045151615386344,0.09781367081437131
task_only_00064,task_only,target,2.0422331750069134,1.7354501178529713,0.30678305715394205
task_only_00064,task_only,lure,2.4452677583370437,2.330723693745919,0.11454406459112487
task_only_00065,task_only,target,1.8404370176482616,1.6284783730762473,0.2119586445720143
task_only_00065,task_only,lure,2.3046023142867074,1.8976899586955172,0.4069123555911902
task_only_00066,task_only,target,1.2811620925925766,1.3266582666667477,-0.04549617407417106
task_only_00066,task_only,lure,1.1407092131579415,1.5551643636361983,-0.41445515047825676
task_only_00067,task_only,target,2.590286815384808,2.328605863829657,0.2616809515551508
task_only_00067,task_only,lure,2.9700835272729322,2.681516436734938,0.28856709053799445
task_only_00068,task_only,target,2.15511716666515,3.0178963619054273,-0.8627791952402775
task_only_00068,task_only,lure,2.0419254809551473,1.7509738641040316,0.2909516168511157
task_only_00069,task_only,target,2.3526552249998836,1.8564622916666547,0.4961929333332289
task_only_00069,task_only,lure,2.396806679999948,2.5181708799998885,-0.12136419999994041
task_only_00070,task_only,target,2.7574827645167392,1.9360161241402865,0.8214666403764528
task_only_00070,task_only,lure,2.5489832519972695,1.9733112371435189,0.5756720148537506
task_only_00071,task_only,target,2.590286815384808,2.328605863829657,0.2616809515551508
task_only_00071,task_only,lure,2.9700835272729322,2.681516436734938,0.28856709053799445
task_only_00072,task_only,target,2.840898374998748,,
task_only_00072,task_only,lure,2.324260405356784,3.477905700012343,-1.153645294655559
