participant_uid,participant_id,condition,condition_label,task_file,test_file,pair_selection_note,encoding_task_accuracy,n_encoding_trials,n_test_trials,mean_encoding_rt_post,mean_encoding_rt_mid,mean_encoding_rt_pre,encoding_response_rate_post,encoding_response_rate_mid,encoding_response_rate_pre,foil_old_rate,foil_similar_rate,foil_new_rate,test_response_rate,mean_test_rt,target_old_rate_post,target_old_rate_mid,target_old_rate_pre,target_accuracy_post,target_accuracy_mid,target_accuracy_pre,lure_similar_rate_post,lure_similar_rate_mid,lure_similar_rate_pre,lure_reject_rate_post,lure_reject_rate_mid,lure_reject_rate_pre,lure_accuracy_post,lure_accuracy_mid,lure_accuracy_pre,REC_post,LDI_post,ALT_LDI_post,REC_mid,LDI_mid,ALT_LDI_mid,REC_pre,LDI_pre,ALT_LDI_pre,rt_post_cost,rt_pre_advantage,REC_post_cost,REC_pre_change,LDI_pre_gain,LDI_post_change,ALT_LDI_pre_gain
item_only_00001,00001,item_only,Item Shift Only,00001_MST_task_2025-11-08_16h36.47.075.csv,00001_MST_test_2025-11-08_17h07.29.968.csv,unique_pair,0.9534883720930233,280,150,1.3224775649995535,1.382909180999959,1.396244427500551,1.0,1.0,1.0,0.06666666666666667,0.26666666666666666,0.6666666666666666,1.0,1.6505630133332791,0.75,0.7,0.6,0.75,0.7,0.6,0.55,0.65,0.5,0.75,0.8,0.8,0.55,0.65,0.5,0.6833333333333333,0.2833333333333334,0.6833333333333333,0.6333333333333333,0.38333333333333336,0.7333333333333334,0.5333333333333333,0.23333333333333334,0.7333333333333334,-0.060431616000405475,0.013335246500592035,0.050000000000000044,-0.09999999999999998,-0.15000000000000002,-0.09999999999999998,0.0
item_only_00002,00002,item_only,Item Shift Only,00002_MST_task_2025-11-08_18h50.56.769.csv,00002_MST_test_2025-11-08_19h19.48.470.csv,unique_pair,0.9518072289156626,280,150,2.7023204549998807,2.817234059091035,2.862063005000164,1.0,1.0,1.0,0.03333333333333333,0.16666666666666666,0.8,1.0,6.56291523666708,0.55,0.65,0.55,0.55,0.65,0.55,0.5,0.15,0.6,0.8,0.6,0.9,0.5,0.15,0.6,0.5166666666666667,0.33333333333333337,0.7666666666666667,0.6166666666666667,-0.016666666666666663,0.5666666666666667,0.5166666666666667,0.43333333333333335,0.8666666666666667,-0.11491360409115448,0.04482894590912867,-0.09999999999999998,-0.09999999999999998,0.45,0.35000000000000003,0.30000000000000004
item_only_00003,00003,item_only,Item Shift Only,00003_MST_task_2025-11-08_22h19.46.477.csv,00003_MST_test_2025-11-08_22h47.34.525.csv,unique_pair,0.9302325581395349,280,150,1.920844484999907,1.7179176549999828,1.7700387700000646,1.0,1.0,1.0,0.06666666666666667,0.36666666666666664,0.5666666666666667,1.0,2.0749930299997987,0.5,0.5,0.65,0.5,0.5,0.65,0.3,0.35,0.25,0.45,0.5,0.6,0.3,0.35,0.25,0.43333333333333335,-0.06666666666666665,0.38333333333333336,0.43333333333333335,-0.016666666666666663,0.43333333333333335,0.5833333333333334,-0.11666666666666664,0.5333333333333333,0.20292682999992406,0.052121115000081764,0.0,0.15000000000000002,-0.09999999999999998,-0.04999999999999999,0.09999999999999998
item_only_00004,00004,item_only,Item Shift Only,00004_MST_task_2025-11-09_14h29.19.772.csv,00004_MST_test_2025-11-09_14h57.36.500.csv,unique_pair,0.9222222222222223,280,150,1.5919575250001798,1.4007018289998086,1.557306234999487,1.0,1.0,1.0,0.0,0.2,0.8,1.0,1.503186580001784,0.75,0.65,0.6,0.75,0.65,0.6,0.75,0.45,0.45,0.8,0.55,0.65,0.75,0.45,0.45,0.75,0.55,0.8,0.65,0.25,0.55,0.6,0.25,0.65,0.1912556960003713,0.1566044059996785,0.09999999999999998,-0.050000000000000044,0.0,0.30000000000000004,0.09999999999999998
item_only_00005,00005,item_only,Item Shift Only,00005_MST_task_2025-11-09_16h53.39.484.csv,00005_MST_test_2025-11-09_17h45.24.630.csv,unique_pair,0.9634146341463414,280,150,1.174885264999466,1.225825681999995,1.2166891324999596,1.0,1.0,1.0,0.0,0.36666666666666664,0.6333333333333333,1.0,1.9065789999978733,0.65,0.75,0.9,0.65,0.75,0.9,0.65,0.65,0.5,0.75,0.85,0.75,0.65,0.65,0.5,0.65,0.2833333333333334,0.75,0.75,0.2833333333333334,0.85,0.9,0.13333333333333336,0.75,-0.05094041700052898,-0.009136549500035507,-0.09999999999999998,0.15000000000000002,-0.15000000000000002,0.0,-0.09999999999999998
item_only_00006,00006,item_only,Item Shift Only,00006_MST_task_2025-11-09_19h25.43.020.csv,00006_MST_test_2025-11-09_19h53.31.018.csv,unique_pair,0.9390243902439024,280,150,1.3155591624999943,1.5136873124994599,1.6608133024998097,1.0,1.0,1.0,0.0,0.06666666666666667,0.9333333333333333,1.0,4.0955738199986325,0.7,0.9,0.7,0.7,0.9,0.7,0.5,0.45,0.6,0.65,0.65,0.7,0.5,0.45,0.6,0.7,0.43333333333333335,0.65,0.9,0.38333333333333336,0.65,0.7,0.5333333333333333,0.7,-0.1981281499994656,0.14712599000034987,-0.20000000000000007,-0.20000000000000007,0.14999999999999997,0.04999999999999999,0.04999999999999993
item_only_00007,00007,item_only,Item Shift Only,00007_MST_task_2025-11-20_16h42.37.692.csv,00007_MST_test_2025-11-20_17h14.07.925.csv,unique_pair,0.8941176470588236,280,150,3.806036775001121,3.8000477300006605,3.9019512899983964,1.0,1.0,1.0,0.06666666666666667,0.13333333333333333,0.8,1.0,3.3522993399975047,0.75,0.95,0.8,0.75,0.95,0.8,0.2,0.2,0.25,0.5,0.6,0.5,0.2,0.2,0.25,0.6833333333333333,0.06666666666666668,0.43333333333333335,0.8833333333333333,0.06666666666666668,0.5333333333333333,0.7333333333333334,0.11666666666666667,0.43333333333333335,0.005989045000460269,0.10190355999773582,-0.19999999999999996,-0.1499999999999999,0.04999999999999999,0.0,-0.09999999999999998
item_only_00008,00008,item_only,Item Shift Only,00008_MST_task_2025-11-10_16h35.03.177.csv,00008_MST_test_2025-11-10_17h06.27.688.csv,unique_pair,0.9642857142857143,280,150,2.7990313974999994,3.0963679975000065,3.477863320000009,1.0,1.0,1.0,0.03333333333333333,0.06666666666666667,0.9,1.0,3.4646780433333486,0.9,0.7,0.7,0.9,0.7,0.7,0.5,0.45,0.65,0.55,0.6,0.85,0.5,0.45,0.65,0.8666666666666667,0.43333333333333335,0.5166666666666667,0.6666666666666666,0.38333333333333336,0.5666666666666667,0.6666666666666666,0.5833333333333334,0.8166666666666667,-0.29733660000000706,0.3814953225000024,0.20000000000000007,0.0,0.2,0.04999999999999999,0.25
item_only_00009,00009,item_only,Item Shift Only,00009_MST_task_2025-11-11_06h02.51.248.csv,00009_MST_test_2025-11-11_06h27.17.578.csv,unique_pair,0.9634146341463414,280,150,1.6780096275000687,1.4873303396984945,1.5266073615384579,1.0,1.0,1.0,0.0,0.3333333333333333,0.6666666666666666,1.0,2.116173030000027,0.4,0.9,0.55,0.4,0.9,0.55,0.7,0.55,0.4,0.85,0.9,0.65,0.7,0.55,0.4,0.4,0.36666666666666664,0.85,0.9,0.21666666666666673,0.9,0.55,0.06666666666666671,0.65,0.19067928780157417,0.0392770218399634,-0.5,-0.35,-0.15000000000000002,0.1499999999999999,-0.25
item_only_00010,00010,item_only,Item Shift Only,00010_MST_task_2025-11-14_12h10.04.262.csv,00010_MST_test_2025-11-14_18h08.55.599.csv,unique_pair,0.9333333333333333,280,150,1.363470854999997,1.3065458430000103,1.275470747500003,1.0,1.0,1.0,0.06666666666666667,0.36666666666666664,0.5666666666666667,1.0,1.8299636433333186,0.75,0.7,0.7,0.75,0.7,0.7,0.5,0.35,0.4,0.7,0.35,0.55,0.5,0.35,0.4,0.6833333333333333,0.13333333333333336,0.6333333333333333,0.6333333333333333,-0.016666666666666663,0.2833333333333333,0.6333333333333333,0.03333333333333338,0.4833333333333334,0.056925011999986674,-0.0310750955000072,0.050000000000000044,0.0,0.050000000000000044,0.15000000000000002,0.20000000000000007
item_only_00011,00011,item_only,Item Shift Only,00011_MST_task_2025-11-14_21h11.30.103.csv,00011_MST_test_2025-11-14_21h38.18.508.csv,unique_pair,0.8837209302325582,280,150,1.6620349000001624,1.6628649510000832,1.9692466674999651,1.0,1.0,1.0,0.03333333333333333,0.4,0.5666666666666667,1.0,2.355455566666751,0.85,0.65,0.8,0.85,0.65,0.8,0.75,0.65,0.7,0.9,0.65,0.7,0.75,0.65,0.7,0.8166666666666667,0.35,0.8666666666666667,0.6166666666666667,0.25,0.6166666666666667,0.7666666666666667,0.29999999999999993,0.6666666666666666,-0.0008300509999208394,0.3063817164998819,0.19999999999999996,0.15000000000000002,0.04999999999999993,0.09999999999999998,0.04999999999999993
item_only_00012,00012,item_only,Item Shift Only,00012_MST_task_2025-11-15_10h50.12.984.csv,00012_MST_test_2025-11-15_11h16.55.438.csv,unique_pair,0.9195402298850575,280,150,2.1129879900003288,2.062043833333133,2.1456766175001576,1.0,1.0,1.0,0.0,0.13333333333333333,0.8666666666666667,1.0,2.4620283233337736,0.35,0.4,0.35,0.35,0.4,0.35,0.45,0.6,0.55,0.85,0.7,0.9,0.45,0.6,0.55,0.35,0.31666666666666665,0.85,0.4,0.4666666666666667,0.7,0.35,0.41666666666666674,0.9,0.05094415666719598,0.0836327841670248,-0.050000000000000044,-0.050000000000000044,-0.04999999999999993,-0.15000000000000002,0.20000000000000007
item_only_00013,00013,item_only,Item Shift Only,00013_MST_task_2025-11-15_17h25.43.188.csv,00013_MST_test_2025-11-15_17h55.05.651.csv,unique_pair,0.975609756097561,280,150,2.013828827499985,1.948075159999999,2.045747242499985,1.0,1.0,1.0,0.03333333333333333,0.13333333333333333,0.8333333333333334,1.0,1.8334677700000763,0.55,0.7,0.7,0.55,0.7,0.7,0.55,0.55,0.6,0.75,0.6,0.7,0.55,0.55,0.6,0.5166666666666667,0.41666666666666674,0.7166666666666667,0.6666666666666666,0.41666666666666674,0.5666666666666667,0.6666666666666666,0.4666666666666667,0.6666666666666666,0.06575366749998612,0.09767208249998593,-0.1499999999999999,0.0,0.04999999999999993,0.0,0.09999999999999998
item_only_00014,00014,item_only,Item Shift Only,00014_MST_task_2025-11-17_15h22.12.288.csv,00014_MST_test_2025-11-17_16h00.28.058.csv,unique_pair,0.8987341772151899,280,150,1.321765880000021,1.318484913999987,1.2374781100000747,1.0,1.0,1.0,0.0,0.06666666666666667,0.9333333333333333,1.0,1.2605094233333147,0.45,0.45,0.55,0.45,0.45,0.55,0.35,0.4,0.15,0.8,0.85,0.75,0.35,0.4,0.15,0.45,0.2833333333333333,0.8,0.45,0.33333333333333337,0.85,0.55,0.08333333333333333,0.75,0.0032809660000339136,-0.08100680399991234,0.0,0.10000000000000003,-0.25000000000000006,-0.050000000000000044,-0.09999999999999998
item_only_00015,00015,item_only,Item Shift Only,00015_MST_task_2025-11-17_18h05.33.650.csv,00015_MST_test_2025-11-17_18h33.40.554.csv,unique_pair,0.9655172413793104,280,150,2.115900073684172,1.7791088648241271,2.1887260400000286,1.0,1.0,1.0,0.0,0.1,0.9,1.0,3.4530183266669456,0.9,0.6,0.7,0.9,0.6,0.7,0.65,0.75,0.85,0.8,0.85,0.85,0.65,0.75,0.85,0.9,0.55,0.8,0.6,0.65,0.85,0.7,0.75,0.85,0.3367912088600449,0.40961717517590146,0.30000000000000004,0.09999999999999998,0.09999999999999998,-0.09999999999999998,0.0
item_only_00016,00016,item_only,Item Shift Only,00016_MST_task_2025-11-18_15h18.28.519.csv,00016_MST_test_2025-11-18_15h57.27.139.csv,unique_pair,0.925,280,150,1.2279448350000166,1.215895659500002,1.2552063549999957,1.0,1.0,1.0,0.06666666666666667,0.16666666666666666,0.7666666666666667,1.0,2.18404878333334,1.0,0.85,0.85,1.0,0.85,0.85,0.5,0.4,0.5,0.5,0.5,0.6,0.5,0.4,0.5,0.9333333333333333,0.33333333333333337,0.43333333333333335,0.7833333333333333,0.23333333333333336,0.43333333333333335,0.7833333333333333,0.33333333333333337,0.5333333333333333,0.01204917550001472,0.039310695499993775,0.15000000000000002,0.0,0.1,0.1,0.09999999999999998
item_only_00017,00017,item_only,Item Shift Only,00017_MST_task_2026-01-20_12h09.25.940.csv,00017_MST_test_2026-01-20_12h47.41.536.csv,unique_pair,0.927710843373494,280,150,1.726970902486937,1.7313453824963654,1.757988612499321,1.0,1.0,1.0,0.0,0.26666666666666666,0.7333333333333333,1.0,1.4891111499979162,0.75,0.7,0.65,0.75,0.7,0.65,0.75,0.7,0.5,0.8,0.8,0.6,0.75,0.7,0.5,0.75,0.48333333333333334,0.8,0.7,0.4333333333333333,0.8,0.65,0.23333333333333334,0.6,-0.004374480009428305,0.026643230002955542,0.050000000000000044,-0.04999999999999993,-0.19999999999999996,0.050000000000000044,-0.20000000000000007
item_only_00018,00018,item_only,Item Shift Only,00018_MST_task_2026-01-20_14h57.56.200.csv,00018_MST_test_2026-01-20_15h46.27.618.csv,unique_pair,0.8837209302325582,280,150,1.5000825799997983,1.5125820605002809,1.2962568850005483,1.0,1.0,1.0,0.03333333333333333,0.13333333333333333,0.8333333333333334,1.0,1.465558529998331,0.85,0.95,0.8,0.85,0.95,0.8,0.4,0.5,0.5,0.6,0.7,0.6,0.4,0.5,0.5,0.8166666666666667,0.2666666666666667,0.5666666666666667,0.9166666666666666,0.3666666666666667,0.6666666666666666,0.7666666666666667,0.3666666666666667,0.5666666666666667,-0.012499480500482552,-0.21632517549973262,-0.09999999999999998,-0.1499999999999999,0.0,-0.09999999999999998,-0.09999999999999998
item_only_00019,00019,item_only,Item Shift Only,00019_MST_task_2026-01-20_15h19.21.867.csv,00019_MST_test_2026-01-20_15h44.09.765.csv,unique_pair,0.9186046511627907,280,150,1.680152037506923,1.8045007602987932,1.763682229995902,1.0,1.0,1.0,0.0,0.1,0.9,1.0,2.908941270003561,0.8,0.6,0.75,0.8,0.6,0.75,0.4,0.5,0.6,0.75,0.55,0.8,0.4,0.5,0.6,0.8,0.30000000000000004,0.75,0.6,0.4,0.55,0.75,0.5,0.8,-0.12434872279187026,-0.040818530302891176,0.20000000000000007,0.15000000000000002,0.09999999999999998,-0.09999999999999998,0.25
item_only_00020,00020,item_only,Item Shift Only,00020_MST_task_2026-01-20_16h14.02.894.csv,00020_MST_test_2026-01-20_16h39.03.637.csv,unique_pair,0.9125,280,150,1.523840755000856,1.500645337000169,1.4619237024999165,1.0,1.0,1.0,0.0,0.16666666666666666,0.8333333333333334,1.0,2.8346135699985706,0.65,0.8,0.65,0.65,0.8,0.65,0.6,0.6,0.6,0.7,0.75,0.75,0.6,0.6,0.6,0.65,0.43333333333333335,0.7,0.8,0.43333333333333335,0.75,0.65,0.43333333333333335,0.75,0.023195418000686807,-0.038721634500252566,-0.15000000000000002,-0.15000000000000002,0.0,0.0,0.0
item_only_00021,00021,item_only,Item Shift Only,00021_MST_task_2026-01-20_15h54.11.031.csv,00021_MST_test_2026-01-20_17h10.36.612.csv,unique_pair,0.9770114942528736,280,150,2.1260592374994305,2.07602395879423,2.0153373600027407,1.0,1.0,1.0,0.36666666666666664,0.13333333333333333,0.5,1.0,1.797554863327726,0.8,0.65,0.75,0.8,0.65,0.75,0.55,0.4,0.45,0.75,0.6,0.55,0.55,0.4,0.45,0.4333333333333334,0.41666666666666674,0.38333333333333336,0.2833333333333334,0.2666666666666667,0.23333333333333334,0.38333333333333336,0.31666666666666665,0.1833333333333334,0.050035278705200525,-0.0606865987914893,0.15000000000000002,0.09999999999999998,0.04999999999999993,0.15000000000000002,-0.04999999999999993
item_only_00022,00022,item_only,Item Shift Only,00022_MST_task_2026-01-20_16h50.51.424.csv,00022_MST_test_2026-01-20_17h30.21.472.csv,unique_pair,0.9880952380952381,280,150,2.8829647975,2.9761832120000005,3.00376426,1.0,1.0,1.0,0.1,0.23333333333333334,0.6666666666666666,1.0,4.503892373332929,0.65,0.6,0.75,0.65,0.6,0.75,0.2,0.35,0.25,0.5,0.55,0.4,0.2,0.35,0.25,0.55,-0.033333333333333326,0.4,0.5,0.11666666666666664,0.45000000000000007,0.65,0.016666666666666663,0.30000000000000004,-0.09321841450000035,0.02758104799999961,0.050000000000000044,0.15000000000000002,-0.09999999999999998,-0.14999999999999997,-0.15000000000000002
item_only_00023,00023,item_only,Item Shift Only,00023_MST_task_2026-01-20_17h20.47.244.csv,00023_MST_test_2026-01-20_17h47.38.675.csv,unique_pair,0.9367088607594937,280,150,1.6426992250038892,1.3451868329991703,1.5552191624985425,1.0,1.0,1.0,0.0,0.13333333333333333,0.8666666666666667,1.0,2.384388109995052,0.6,0.75,0.6,0.6,0.75,0.6,0.4,0.6,0.7,0.65,0.8,0.85,0.4,0.6,0.7,0.6,0.2666666666666667,0.65,0.75,0.4666666666666667,0.8,0.6,0.5666666666666667,0.85,0.2975123920047189,0.21003232949937223,-0.15000000000000002,-0.15000000000000002,0.09999999999999998,-0.19999999999999996,0.04999999999999993
item_only_00024,00024,item_only,Item Shift Only,00024_MST_task_2026-01-20_17h45.28.652.csv,00024_MST_test_2026-01-20_18h09.57.673.csv,unique_pair,0.8571428571428571,280,150,1.3900804774981226,1.362111247000139,1.5725665750003828,1.0,1.0,1.0,0.1,0.06666666666666667,0.8333333333333334,1.0,1.5988370266650842,0.55,0.8,0.6,0.55,0.8,0.6,0.1,0.15,0.35,0.4,0.5,0.65,0.1,0.15,0.35,0.45000000000000007,0.03333333333333334,0.30000000000000004,0.7000000000000001,0.08333333333333333,0.4,0.5,0.2833333333333333,0.55,0.0279692304979835,0.2104553280002437,-0.25,-0.20000000000000007,0.2,-0.04999999999999999,0.15000000000000002
item_only_00025,00025,item_only,Item Shift Only,00025_MST_task_2026-01-20_19h03.31.875.csv,00025_MST_test_2026-01-20_19h32.59.931.csv,unique_pair,0.9545454545454546,280,150,1.4169663975011644,1.5355103355000757,1.6612633600001572,1.0,1.0,1.0,0.03333333333333333,0.23333333333333334,0.7333333333333333,1.0,2.1423534233336494,0.75,0.65,0.75,0.75,0.65,0.75,0.5,0.45,0.45,0.65,0.55,0.6,0.5,0.45,0.45,0.7166666666666667,0.26666666666666666,0.6166666666666667,0.6166666666666667,0.21666666666666667,0.5166666666666667,0.7166666666666667,0.21666666666666667,0.5666666666666667,-0.11854393799891128,0.12575302450008152,0.09999999999999998,0.09999999999999998,0.0,0.04999999999999999,0.04999999999999993
item_only_00026,00026,item_only,Item Shift Only,00026_MST_task_2026-01-20_19h20.16.777.csv,00026_MST_test_2026-01-20_19h45.56.914.csv,unique_pair,0.963855421686747,280,150,1.2359196824982064,1.33446494249627,1.2659115374917747,1.0,1.0,1.0,0.0,0.1,0.9,1.0,1.7877331499980451,0.7,0.65,0.85,0.7,0.65,0.85,0.75,0.6,0.7,0.9,0.85,0.85,0.75,0.6,0.7,0.7,0.65,0.9,0.65,0.5,0.85,0.85,0.6,0.85,-0.09854525999806363,-0.06855340500449536,0.04999999999999993,0.19999999999999996,0.09999999999999998,0.15000000000000002,0.0
item_only_00027,00027,item_only,Item Shift Only,00027_MST_task_2026-01-20_19h47.53.224.csv,00027_MST_test_2026-01-20_20h11.54.094.csv,unique_pair,0.9629629629629629,280,150,1.2205250625011104,1.1623522719999164,0.9553467575005925,1.0,1.0,1.0,0.0,0.3333333333333333,0.6666666666666666,1.0,2.2316793033329305,0.55,0.8,0.7,0.55,0.8,0.7,0.65,0.5,0.45,0.75,0.65,0.6,0.65,0.5,0.45,0.55,0.3166666666666667,0.75,0.8,0.16666666666666669,0.65,0.7,0.1166666666666667,0.6,0.05817279050119395,-0.20700551449932392,-0.25,-0.10000000000000009,-0.04999999999999999,0.15000000000000002,-0.050000000000000044
item_only_00028,00028,item_only,Item Shift Only,00028_MST_task_2026-01-20_21h43.31.019.csv,00028_MST_test_2026-01-20_22h09.36.854.csv,unique_pair,0.8850574712643678,280,150,1.7722620624979755,1.8155047224998997,1.6449851374996798,1.0,1.0,1.0,0.0,0.06666666666666667,0.9333333333333333,1.0,2.3819547499995677,0.95,0.9,0.85,0.95,0.9,0.85,0.35,0.45,0.3,0.65,0.45,0.5,0.35,0.45,0.3,0.95,0.2833333333333333,0.65,0.9,0.38333333333333336,0.45,0.85,0.23333333333333334,0.5,-0.04324266000192423,-0.1705195850002199,0.04999999999999993,-0.050000000000000044,-0.15000000000000002,-0.10000000000000003,0.04999999999999999
item_only_00029,00029,item_only,Item Shift Only,00029_MST_task_2026-01-21_11h19.06.023.csv,00029_MST_test_2026-01-21_11h42.53.652.csv,unique_pair,0.9390243902439024,280,150,1.6497297775058541,1.586797917004442,1.7078602600056911,1.0,1.0,1.0,0.03333333333333333,0.4,0.5666666666666667,1.0,1.6577762999882302,0.45,0.35,0.4,0.45,0.35,0.4,0.7,0.85,0.7,0.95,0.9,0.75,0.7,0.85,0.7,0.4166666666666667,0.29999999999999993,0.9166666666666666,0.31666666666666665,0.44999999999999996,0.8666666666666667,0.3666666666666667,0.29999999999999993,0.7166666666666667,0.0629318605014122,0.12106234300124918,0.10000000000000003,0.050000000000000044,-0.15000000000000002,-0.15000000000000002,-0.15000000000000002
item_only_00030,00030,item_only,Item Shift Only,00030_MST_task_2026-01-21_11h23.46.765.csv,00030_MST_test_2026-01-21_11h51.29.080.csv,unique_pair,0.9325842696629213,280,150,1.331180299999869,1.4301851592965762,1.593974249999519,1.0,1.0,1.0,0.06666666666666667,0.16666666666666666,0.7666666666666667,1.0,2.784120436667096,0.65,0.7,0.85,0.65,0.7,0.85,0.35,0.65,0.55,0.6,0.85,0.7,0.35,0.65,0.55,0.5833333333333334,0.18333333333333332,0.5333333333333333,0.6333333333333333,0.4833333333333334,0.7833333333333333,0.7833333333333333,0.3833333333333334,0.6333333333333333,-0.09900485929670721,0.1637890907029429,-0.04999999999999993,0.15000000000000002,-0.09999999999999998,-0.30000000000000004,-0.15000000000000002
item_only_00031,00031,item_only,Item Shift Only,00031_MST_task_2026-01-21_14h49.42.484.csv,00031_MST_test_2026-01-21_15h25.55.946.csv,unique_pair,0.9518072289156626,280,150,1.9260049775024526,2.084662826499989,1.6036263024972868,1.0,1.0,1.0,0.0,0.26666666666666666,0.7333333333333333,1.0,6.713621100001425,0.9,0.95,0.9,0.9,0.95,0.9,0.6,0.75,0.75,0.7,0.75,0.75,0.6,0.75,0.75,0.9,0.3333333333333333,0.7,0.95,0.48333333333333334,0.75,0.9,0.48333333333333334,0.75,-0.15865784899753654,-0.48103652400270236,-0.04999999999999993,-0.04999999999999993,0.0,-0.15000000000000002,0.0
item_only_00032,00032,item_only,Item Shift Only,00032_MST_task_2026-01-22_10h59.30.259.csv,00032_MST_test_2026-01-22_11h26.12.622.csv,unique_pair,0.9642857142857143,280,150,1.120172547500988,1.2625776749999205,1.1375727150014427,1.0,1.0,1.0,0.0,0.16666666666666666,0.8333333333333334,1.0,1.6389618033349203,0.35,0.4,0.6,0.35,0.4,0.6,0.45,0.45,0.8,0.8,0.95,1.0,0.45,0.45,0.8,0.35,0.2833333333333333,0.8,0.4,0.2833333333333333,0.95,0.6,0.6333333333333334,1.0,-0.14240512749893242,-0.12500495999847772,-0.050000000000000044,0.19999999999999996,0.3500000000000001,0.0,0.050000000000000044
item_only_00033,00033,item_only,Item Shift Only,00033_MST_task_2026-01-22_11h03.27.713.csv,00033_MST_test_2026-01-22_11h28.01.006.csv,unique_pair,0.9325842696629213,280,150,2.013303907500813,2.077078001998598,1.9574942424951587,1.0,1.0,1.0,0.2,0.36666666666666664,0.43333333333333335,1.0,6.63421508334189,0.55,0.5,0.75,0.55,0.5,0.75,0.35,0.4,0.15,0.55,0.8,0.55,0.35,0.4,0.15,0.35000000000000003,-0.016666666666666663,0.35000000000000003,0.3,0.03333333333333338,0.6000000000000001,0.55,-0.21666666666666665,0.35000000000000003,-0.06377409449778515,-0.11958375950343925,0.050000000000000044,0.25000000000000006,-0.25,-0.050000000000000044,-0.25000000000000006
item_only_00034,00034,item_only,Item Shift Only,00034_MST_task_2026-01-22_17h23.05.207.csv,00034_MST_test_2026-01-22_17h48.05.945.csv,unique_pair,0.9512195121951219,280,150,1.9335814425015996,1.79071642099967,1.619163637499878,1.0,1.0,1.0,0.0,0.23333333333333334,0.7666666666666667,1.0,1.9016252233316966,0.7,0.75,0.85,0.7,0.75,0.85,0.5,0.4,0.4,0.7,0.5,0.5,0.5,0.4,0.4,0.7,0.26666666666666666,0.7,0.75,0.16666666666666669,0.5,0.85,0.16666666666666669,0.5,0.1428650215019296,-0.17155278349979208,-0.050000000000000044,0.09999999999999998,0.0,0.09999999999999998,0.0
item_only_00035,00035,item_only,Item Shift Only,00035_MST_task_2026-01-22_20h53.05.508.csv,00035_MST_test_2026-01-22_21h18.33.812.csv,unique_pair,0.8690476190476191,280,150,2.0796103675005724,2.167468962999992,2.16650722000486,1.0,1.0,1.0,0.03333333333333333,0.26666666666666666,0.7,1.0,1.6884005933301522,0.7,0.55,0.5,0.7,0.55,0.5,0.5,0.6,0.5,0.55,0.75,0.6,0.5,0.6,0.5,0.6666666666666666,0.23333333333333334,0.5166666666666667,0.5166666666666667,0.3333333333333333,0.7166666666666667,0.4666666666666667,0.23333333333333334,0.5666666666666667,-0.08785859549941977,-0.0009617429951322976,0.1499999999999999,-0.050000000000000044,-0.09999999999999998,-0.09999999999999998,-0.15000000000000002
item_only_00036,00036,item_only,Item Shift Only,00036_MST_task_2026-01-23_16h03.45.360.csv,00036_MST_test_2026-01-23_16h28.22.558.csv,unique_pair,0.8764044943820225,280,150,1.728624585000216,1.8232879354991018,1.793064135000168,1.0,1.0,1.0,0.03333333333333333,0.2,0.7666666666666667,1.0,3.8044676866634592,0.9,0.85,0.8,0.9,0.85,0.8,0.2,0.55,0.45,0.55,0.6,0.75,0.2,0.55,0.45,0.8666666666666667,0.0,0.5166666666666667,0.8166666666666667,0.35000000000000003,0.5666666666666667,0.7666666666666667,0.25,0.7166666666666667,-0.09466335049888586,-0.030223800498933917,0.050000000000000044,-0.04999999999999993,-0.10000000000000003,-0.35000000000000003,0.15000000000000002
item_only_00037,00037,item_only,Item Shift Only,00037_MST_task_2026-01-23_16h05.43.404.csv,00037_MST_test_2026-01-23_16h33.26.226.csv,unique_pair,0.872093023255814,280,150,1.6585634350012697,1.6744299643230156,1.8285982025643954,1.0,1.0,1.0,0.0,0.13333333333333333,0.8666666666666667,1.0,2.5258354666662246,0.85,0.8,0.9,0.85,0.8,0.9,0.6,0.8,0.75,0.65,0.9,0.9,0.6,0.8,0.75,0.85,0.4666666666666667,0.65,0.8,0.6666666666666667,0.9,0.9,0.6166666666666667,0.9,-0.015866529321745926,0.15416823824137982,0.04999999999999993,0.09999999999999998,-0.050000000000000044,-0.20000000000000007,0.0
item_only_00038,00038,item_only,Item Shift Only,00038_MST_task_2026-01-23_16h36.46.044.csv,00038_MST_test_2026-01-23_17h00.07.805.csv,unique_pair,0.8953488372093024,280,150,0.9311821324954508,1.0390525710053042,1.0264410375180888,1.0,1.0,1.0,0.03333333333333333,0.3,0.6666666666666666,1.0,2.214709499994448,0.5,0.7,0.7,0.5,0.7,0.7,0.75,0.8,0.75,0.85,0.9,0.8,0.75,0.8,0.75,0.4666666666666667,0.45,0.8166666666666667,0.6666666666666666,0.5,0.8666666666666667,0.6666666666666666,0.45,0.7666666666666667,-0.10787043850985345,-0.012611533487215443,-0.19999999999999996,0.0,-0.04999999999999999,-0.04999999999999999,-0.09999999999999998
item_only_00039,00039,item_only,Item Shift Only,00039_MST_task_2026-01-23_17h02.47.129.csv,00039_MST_test_2026-01-23_17h27.51.140.csv,unique_pair,0.9883720930232558,280,150,1.4154623474976689,1.404879126632551,1.5116168175016356,1.0,1.0,1.0,0.0,0.16666666666666666,0.8333333333333334,1.0,2.729974960001224,0.9,0.6,0.65,0.9,0.6,0.65,0.75,0.8,0.85,0.85,1.0,0.9,0.75,0.8,0.85,0.9,0.5833333333333334,0.85,0.6,0.6333333333333334,1.0,0.65,0.6833333333333333,0.9,0.01058322086511776,0.10673769086908447,0.30000000000000004,0.050000000000000044,0.04999999999999993,-0.050000000000000044,-0.09999999999999998
item_only_00040,00040,item_only,Item Shift Only,00040_MST_task_2026-01-23_17h20.31.026.csv,00040_MST_test_2026-01-23_17h44.12.035.csv,unique_pair,0.8902439024390244,280,150,1.1759451675068704,1.1708813684998314,1.2185840549966087,1.0,1.0,1.0,0.03333333333333333,0.23333333333333334,0.7333333333333333,1.0,1.7564554599986877,0.5,0.55,0.7,0.5,0.55,0.7,0.4,0.55,0.6,0.8,0.75,0.8,0.4,0.55,0.6,0.4666666666666667,0.16666666666666669,0.7666666666666667,0.5166666666666667,0.3166666666666667,0.7166666666666667,0.6666666666666666,0.36666666666666664,0.7666666666666667,0.005063799007039016,0.047702686496777336,-0.050000000000000044,0.1499999999999999,0.04999999999999993,-0.15000000000000002,0.050000000000000044
item_only_00041,00041,item_only,Item Shift Only,00041_MST_task_2026-01-23_18h51.27.276.csv,00041_MST_test_2026-01-23_19h17.51.467.csv,unique_pair,0.9047619047619048,280,150,1.9569056450025528,2.0868766614998457,1.9689519150051638,1.0,1.0,1.0,0.0,0.26666666666666666,0.7333333333333333,1.0,3.3929369600004673,0.7,0.8,0.65,0.7,0.8,0.65,0.8,0.6,0.5,0.85,0.7,0.55,0.8,0.6,0.5,0.7,0.5333333333333334,0.85,0.8,0.3333333333333333,0.7,0.65,0.23333333333333334,0.55,-0.12997101649729292,-0.11792474649468199,-0.10000000000000009,-0.15000000000000002,-0.09999999999999998,0.20000000000000012,-0.1499999999999999
item_only_00042,00042,item_only,Item Shift Only,00042_MST_task_2026-01-23_21h18.31.909.csv,00042_MST_test_2026-01-23_22h06.21.633.csv,unique_pair,0.9036144578313253,280,150,1.5081408649944934,1.519457370498276,1.5731759950023843,1.0,1.0,1.0,0.0,0.03333333333333333,0.9666666666666667,1.0,2.2583729700010737,0.35,0.55,0.35,0.35,0.55,0.35,0.5,0.8,0.5,0.8,0.9,0.75,0.5,0.8,0.5,0.35,0.4666666666666667,0.8,0.55,0.7666666666666667,0.9,0.35,0.4666666666666667,0.75,-0.011316505503782492,0.05371862450410836,-0.20000000000000007,-0.20000000000000007,-0.30000000000000004,-0.30000000000000004,-0.15000000000000002
item_only_00043,00043,item_only,Item Shift Only,00043_MST_task_2026-01-23_21h19.14.514.csv,00043_MST_test_2026-01-23_22h08.45.877.csv,unique_pair,0.9418604651162791,280,150,1.473623972498899,1.3435413370007883,1.2600984641034394,1.0,1.0,1.0,0.0,0.03333333333333333,0.9666666666666667,1.0,2.1956635733348473,0.55,0.3,0.25,0.55,0.3,0.25,0.45,0.45,0.25,0.85,0.8,0.75,0.45,0.45,0.25,0.55,0.4166666666666667,0.85,0.3,0.4166666666666667,0.8,0.25,0.21666666666666667,0.75,0.13008263549811083,-0.08344287289734886,0.25000000000000006,-0.04999999999999999,-0.2,0.0,-0.050000000000000044
item_only_00044,00044,item_only,Item Shift Only,00044_MST_task_2026-01-24_10h56.04.295.csv,00044_MST_test_2026-01-24_11h25.58.400.csv,unique_pair,0.898876404494382,280,150,1.6868929615369639,1.9933798673367316,1.9649197275022743,1.0,1.0,1.0,0.1,0.13333333333333333,0.7666666666666667,1.0,2.4373586933244953,0.6,0.5,0.6,0.6,0.5,0.6,0.4,0.3,0.3,0.65,0.6,0.5,0.4,0.3,0.3,0.5,0.2666666666666667,0.55,0.4,0.16666666666666666,0.5,0.5,0.16666666666666666,0.4,-0.3064869057997677,-0.028460139834457276,0.09999999999999998,0.09999999999999998,0.0,0.10000000000000006,-0.09999999999999998
item_only_00045,00045,item_only,Item Shift Only,00045_MST_task_2026-01-24_11h29.01.648.csv,00045_MST_test_2026-01-24_11h54.00.474.csv,unique_pair,0.9425287356321839,280,150,1.0719501150029829,1.2423236300001737,1.3311551974969915,1.0,1.0,1.0,0.03333333333333333,0.1,0.8666666666666667,1.0,2.0321648333279883,0.9,0.7,0.85,0.9,0.7,0.85,0.6,0.8,0.85,0.85,0.95,0.9,0.6,0.8,0.85,0.8666666666666667,0.5,0.8166666666666667,0.6666666666666666,0.7000000000000001,0.9166666666666666,0.8166666666666667,0.75,0.8666666666666667,-0.17037351499719078,0.08883156749681786,0.20000000000000007,0.15000000000000002,0.04999999999999993,-0.20000000000000007,-0.04999999999999993
item_only_00046,00046,item_only,Item Shift Only,00046_MST_task_2026-01-24_12h31.51.771.csv,00046_MST_test_2026-01-24_12h57.45.954.csv,unique_pair,0.8620689655172413,280,150,1.2686035575025016,1.510485362500185,1.7308296174989664,1.0,1.0,1.0,0.03333333333333333,0.13333333333333333,0.8333333333333334,1.0,3.1389945166709365,0.95,0.85,0.9,0.95,0.85,0.9,0.25,0.25,0.3,0.4,0.4,0.4,0.25,0.25,0.3,0.9166666666666666,0.11666666666666667,0.3666666666666667,0.8166666666666667,0.11666666666666667,0.3666666666666667,0.8666666666666667,0.16666666666666666,0.3666666666666667,-0.24188180499768341,0.2203442549987813,0.09999999999999998,0.050000000000000044,0.04999999999999999,0.0,0.0
item_only_00047,00047,item_only,Item Shift Only,00047_MST_task_2026-01-24_14h59.12.126.csv,00047_MST_test_2026-01-24_15h24.10.813.csv,unique_pair,0.9550561797752809,280,150,1.5431705999959378,1.7983195589997922,1.7192354049999268,1.0,1.0,1.0,0.03333333333333333,0.26666666666666666,0.7,1.0,2.0623105266694135,0.65,0.75,0.65,0.65,0.75,0.65,0.7,0.65,0.6,0.75,0.8,0.7,0.7,0.65,0.6,0.6166666666666667,0.4333333333333333,0.7166666666666667,0.7166666666666667,0.38333333333333336,0.7666666666666667,0.6166666666666667,0.3333333333333333,0.6666666666666666,-0.2551489590038545,-0.07908415399986546,-0.09999999999999998,-0.09999999999999998,-0.050000000000000044,0.04999999999999993,-0.10000000000000009
item_only_00048,00048,item_only,Item Shift Only,00048_MST_task_2026-01-24_15h11.48.563.csv,00048_MST_test_2026-01-24_15h36.35.684.csv,unique_pair,0.8571428571428571,280,150,2.9184764274999764,2.8260672305,2.6898035949999923,1.0,1.0,1.0,0.0,0.4666666666666667,0.5333333333333333,1.0,3.032286149999997,0.9,0.85,0.65,0.9,0.85,0.65,0.4,0.6,0.3,0.55,0.65,0.4,0.4,0.6,0.3,0.9,-0.06666666666666665,0.55,0.85,0.1333333333333333,0.65,0.65,-0.16666666666666669,0.4,0.0924091969999763,-0.13626363550000775,0.050000000000000044,-0.19999999999999996,-0.3,-0.19999999999999996,-0.25
item_only_00049,00049,item_only,Item Shift Only,00049_MST_task_2026-01-25_11h05.12.347.csv,00049_MST_test_2026-01-25_11h31.50.122.csv,unique_pair,0.9655172413793104,280,150,1.7924639675038634,1.931186443720371,2.115749522495025,1.0,1.0,1.0,0.06666666666666667,0.16666666666666666,0.7666666666666667,1.0,3.987723603336296,0.3,0.6,0.6,0.3,0.6,0.6,0.5,0.45,0.35,0.75,0.85,0.65,0.5,0.45,0.35,0.23333333333333334,0.33333333333333337,0.6833333333333333,0.5333333333333333,0.2833333333333333,0.7833333333333333,0.5333333333333333,0.18333333333333332,0.5833333333333334,-0.13872247621650757,0.18456307877465417,-0.3,0.0,-0.1,0.050000000000000044,-0.19999999999999996
item_only_00050,00050,item_only,Item Shift Only,00050_MST_task_2026-01-25_11h21.39.278.csv,00050_MST_test_2026-01-25_12h06.10.875.csv,unique_pair,0.9529411764705882,280,150,3.874044732499897,3.8453562949995104,3.918348882500868,1.0,1.0,1.0,0.06666666666666667,0.13333333333333333,0.8,1.0,2.1819338266666666,0.75,0.95,0.65,0.75,0.95,0.65,0.65,0.6,0.55,0.7,0.7,0.6,0.65,0.6,0.55,0.6833333333333333,0.5166666666666667,0.6333333333333333,0.8833333333333333,0.4666666666666667,0.6333333333333333,0.5833333333333334,0.41666666666666674,0.5333333333333333,0.02868843750038641,0.07299258750135751,-0.19999999999999996,-0.29999999999999993,-0.04999999999999993,0.050000000000000044,-0.09999999999999998
item_only_00051,00051,item_only,Item Shift Only,00051_MST_task_2026-01-25_12h15.06.091.csv,00051_MST_test_2026-01-25_12h41.05.232.csv,unique_pair,0.8823529411764706,280,150,1.6018593575019622,1.578637018272958,1.4858237550026387,1.0,1.0,1.0,0.0,0.13333333333333333,0.8666666666666667,1.0,3.3499105599922285,0.8,0.75,0.6,0.8,0.75,0.6,0.3,0.3,0.45,0.7,0.6,0.75,0.3,0.3,0.45,0.8,0.16666666666666666,0.7,0.75,0.16666666666666666,0.6,0.6,0.31666666666666665,0.75,0.023222339229004074,-0.09281326327031936,0.050000000000000044,-0.15000000000000002,0.15,0.0,0.15000000000000002
item_only_00052,00052,item_only,Item Shift Only,00052_MST_task_2026-01-25_12h44.06.631.csv,00052_MST_test_2026-01-25_13h08.47.205.csv,unique_pair,0.8651685393258427,280,150,1.8802499499999725,1.5441865324999775,1.6650583624999968,1.0,1.0,1.0,0.03333333333333333,0.26666666666666666,0.7,1.0,1.9892771499999677,0.5,0.55,0.4,0.5,0.55,0.4,0.55,0.35,0.35,0.8,0.8,0.9,0.55,0.35,0.35,0.4666666666666667,0.2833333333333334,0.7666666666666667,0.5166666666666667,0.08333333333333331,0.7666666666666667,0.3666666666666667,0.08333333333333331,0.8666666666666667,0.336063417499995,0.12087183000001933,-0.050000000000000044,-0.15000000000000002,0.0,0.20000000000000007,0.09999999999999998
item_only_00053,00053,item_only,Item Shift Only,00053_MST_task_2026-01-25_14h59.52.341.csv,00053_MST_test_2026-01-25_15h25.49.781.csv,unique_pair,0.9358974358974359,280,150,2.163510852500167,2.1999361990000943,2.0194050725001036,1.0,1.0,1.0,0.0,0.06666666666666667,0.9333333333333333,1.0,2.893376846666797,0.4,0.5,0.45,0.4,0.5,0.45,0.25,0.65,0.55,0.8,0.85,0.9,0.25,0.65,0.55,0.4,0.18333333333333335,0.8,0.5,0.5833333333333334,0.85,0.45,0.4833333333333334,0.9,-0.03642534649992735,-0.1805311264999907,-0.09999999999999998,-0.04999999999999999,-0.09999999999999998,-0.4,0.050000000000000044
item_only_00054,00054,item_only,Item Shift Only,00054_MST_task_2026-01-25_17h08.49.872.csv,00054_MST_test_2026-01-25_17h34.48.535.csv,unique_pair,0.9325842696629213,280,150,1.8957679949962767,2.076037380303435,2.162491977501486,1.0,1.0,1.0,0.0,0.03333333333333333,0.9666666666666667,1.0,2.2112053866653394,0.4,0.35,0.35,0.4,0.35,0.35,0.4,0.25,0.4,0.9,0.85,0.8,0.4,0.25,0.4,0.4,0.3666666666666667,0.9,0.35,0.21666666666666667,0.85,0.35,0.3666666666666667,0.8,-0.1802693853071582,0.08645459719805126,0.050000000000000044,0.0,0.15000000000000002,0.15000000000000002,-0.04999999999999993
item_only_00055,00055,item_only,Item Shift Only,00055_MST_task_2025-11-21_16h42.03.893.csv,00055_MST_test_2025-11-21_17h08.33.541.csv,unique_pair,0.9166666666666666,280,150,1.5324060650003957,1.3872746299998835,1.5038166825004737,1.0,1.0,1.0,0.0,0.06666666666666667,0.9333333333333333,1.0,1.7765746600033405,0.65,0.7,0.55,0.65,0.7,0.55,0.6,0.65,0.5,0.9,0.8,0.75,0.6,0.65,0.5,0.65,0.5333333333333333,0.9,0.7,0.5833333333333334,0.8,0.55,0.43333333333333335,0.75,0.14513143500051218,0.11654205250059024,-0.04999999999999993,-0.1499999999999999,-0.15000000000000002,-0.050000000000000044,-0.050000000000000044
item_only_00056,00056,item_only,Item Shift Only,00056_MST_task_2026-01-21_17h29.13.240.csv,00056_MST_test_2026-01-21_17h53.13.920.csv,unique_pair,0.9390243902439024,280,150,1.5464179574984882,1.538452258499892,1.7803011149961094,1.0,1.0,1.0,0.06666666666666667,0.13333333333333333,0.8,1.0,3.374548793331875,0.75,0.5,0.6,0.75,0.5,0.6,0.65,0.4,0.4,0.8,0.8,0.75,0.65,0.4,0.4,0.6833333333333333,0.5166666666666667,0.7333333333333334,0.43333333333333335,0.2666666666666667,0.7333333333333334,0.5333333333333333,0.2666666666666667,0.6833333333333333,0.007965698998596116,0.24184885649621735,0.25,0.09999999999999998,0.0,0.25,-0.050000000000000044
both_00015,00015,both,Item + Task Shift,00015_MST_task_2025-11-08_11h36.39.538.csv,00015_MST_test_2025-11-08_12h04.25.183.csv,unique_pair,0.9735099337748344,280,150,2.187874809999994,1.6922644229999981,1.643221687499971,1.0,1.0,1.0,0.03333333333333333,0.16666666666666666,0.8,1.0,3.2944008299999497,0.85,0.65,0.65,0.85,0.65,0.65,0.5,0.35,0.3,0.65,0.7,0.6,0.5,0.35,0.3,0.8166666666666667,0.33333333333333337,0.6166666666666667,0.6166666666666667,0.18333333333333332,0.6666666666666666,0.6166666666666667,0.13333333333333333,0.5666666666666667,0.49561038699999593,-0.049042735500027135,0.19999999999999996,0.0,-0.04999999999999999,0.15000000000000005,-0.09999999999999998
both_00016,00016,both,Item + Task Shift,00016_MST_task_2025-11-08_17h23.18.303.csv,00016_MST_test_2025-11-08_17h48.07.404.csv,unique_pair,0.9745222929936306,280,150,1.6379847300004258,1.375752268000033,1.213712032499825,1.0,1.0,1.0,0.03333333333333333,0.1,0.8666666666666667,1.0,2.6436316600001493,0.6,0.8,0.75,0.6,0.8,0.75,0.65,0.8,0.5,0.85,0.85,0.55,0.65,0.8,0.5,0.5666666666666667,0.55,0.8166666666666667,0.7666666666666667,0.7000000000000001,0.8166666666666667,0.7166666666666667,0.4,0.5166666666666667,0.26223246200039285,-0.16204023550020796,-0.20000000000000007,-0.050000000000000044,-0.30000000000000004,-0.15000000000000002,-0.29999999999999993
both_00017,00017,both,Item + Task Shift,00017_MST_task_2025-11-08_19h45.48.093.csv,00017_MST_test_2025-11-08_20h16.49.187.csv,unique_pair,0.955696203,280,150,2.4593353512820513,2.0894500055,2.2235717375,1.0,1.0,1.0,0.0,0.16666666666666666,0.8333333333333334,1.0,4.071501759999592,0.65,0.5,0.55,0.65,0.5,0.55,0.65,0.55,0.45,0.8,0.8,0.95,0.65,0.55,0.45,0.65,0.4833333333333334,0.8,0.5,0.3833333333333334,0.8,0.55,0.2833333333333333,0.95,0.36988534578205146,0.1341217320000001,0.15000000000000002,0.050000000000000044,-0.10000000000000009,0.09999999999999998,0.1499999999999999
both_00018,00018,both,Item + Task Shift,00018_MST_task_2025-11-09_10h52.32.840.csv,00018_MST_test_2025-11-09_11h24.21.434.csv,unique_pair,0.935064935064935,280,150,1.372192774999712,1.2869844525000371,1.2309763424993434,1.0,1.0,1.0,0.0,0.6333333333333333,0.36666666666666664,1.0,1.171519429999171,0.7,0.8,0.8,0.7,0.8,0.8,0.6,0.35,0.5,0.65,0.5,0.5,0.6,0.35,0.5,0.7,-0.033333333333333326,0.65,0.8,-0.2833333333333333,0.5,0.8,-0.1333333333333333,0.5,0.08520832249967492,-0.05600811000069372,-0.10000000000000009,0.0,0.15000000000000002,0.25,0.0
both_00019,00019,both,Item + Task Shift,00019_MST_task_2025-11-09_15h07.19.518.csv,00019_MST_test_2025-11-09_15h47.52.826.csv,unique_pair,0.9119496855345912,280,150,2.055579190001663,1.7144195205002324,1.6891132775002915,1.0,1.0,1.0,0.0,0.2,0.8,1.0,3.0297921033353004,0.5,0.55,0.5,0.5,0.55,0.5,0.4,0.25,0.4,0.5,0.55,0.7,0.4,0.25,0.4,0.5,0.2,0.5,0.55,0.04999999999999999,0.55,0.5,0.2,0.7,0.34115966950143073,-0.025306242999940887,-0.050000000000000044,-0.050000000000000044,0.15000000000000002,0.15000000000000002,0.1499999999999999
both_00020,00020,both,Item + Task Shift,00020_MST_task_2025-11-09_17h59.31.021.csv,00020_MST_test_2025-11-09_18h37.23.782.csv,unique_pair,0.8589743589743589,280,150,1.7442143424992538,1.4599599574999593,1.4927092274989264,1.0,1.0,1.0,0.1,0.36666666666666664,0.5333333333333333,1.0,1.444282546668061,0.45,0.25,0.45,0.45,0.25,0.45,0.55,0.6,0.65,0.8,0.85,0.8,0.55,0.6,0.65,0.35,0.1833333333333334,0.7000000000000001,0.15,0.23333333333333334,0.75,0.35,0.2833333333333334,0.7000000000000001,0.28425438499929445,0.0327492699989671,0.19999999999999998,0.19999999999999998,0.050000000000000044,-0.04999999999999993,-0.04999999999999993
both_00022,00022,both,Item + Task Shift,00022_MST_task_2025-11-11_04h49.33.010.csv,00022_MST_test_2025-11-11_05h14.33.217.csv,unique_pair,0.967948717948718,280,150,2.073115735000002,1.8319529880000027,1.7252730925000122,1.0,1.0,1.0,0.03333333333333333,0.36666666666666664,0.6,1.0,4.1163812966666455,0.5,0.85,0.55,0.5,0.85,0.55,0.25,0.3,0.4,0.5,0.5,0.6,0.25,0.3,0.4,0.4666666666666667,-0.11666666666666664,0.4666666666666667,0.8166666666666667,-0.06666666666666665,0.4666666666666667,0.5166666666666667,0.03333333333333338,0.5666666666666667,0.24116274699999907,-0.10667989549999057,-0.35,-0.29999999999999993,0.10000000000000003,-0.04999999999999999,0.09999999999999998
both_00024,00024,both,Item + Task Shift,00024_MST_task_2025-11-14_18h21.40.405.csv,00024_MST_test_2025-11-14_18h50.28.414.csv,unique_pair,0.9466666666666667,280,150,1.5830401250000024,1.567577940000001,1.578535014999943,1.0,1.0,1.0,0.0,0.26666666666666666,0.7333333333333333,1.0,2.9743254799999703,0.9,0.9,0.8,0.9,0.9,0.8,0.35,0.45,0.35,0.45,0.5,0.45,0.35,0.45,0.35,0.9,0.08333333333333331,0.45,0.9,0.18333333333333335,0.5,0.8,0.08333333333333331,0.45,0.015462185000001405,0.01095707499994214,0.0,-0.09999999999999998,-0.10000000000000003,-0.10000000000000003,-0.04999999999999999
both_00025,00025,both,Item + Task Shift,00025_MST_task_2025-11-14_21h47.43.146.csv,00025_MST_test_2025-11-14_22h13.48.402.csv,unique_pair,0.9545454545454546,280,150,1.4264962675002153,1.2636474644999998,1.1320293449998189,1.0,1.0,1.0,0.06666666666666667,0.13333333333333333,0.8,1.0,1.2508073900002878,0.6,0.8,0.55,0.6,0.8,0.55,0.4,0.4,0.5,0.8,0.75,0.7,0.4,0.4,0.5,0.5333333333333333,0.2666666666666667,0.7333333333333334,0.7333333333333334,0.2666666666666667,0.6833333333333333,0.4833333333333334,0.3666666666666667,0.6333333333333333,0.16284880300021554,-0.13161811950018087,-0.20000000000000007,-0.25,0.09999999999999998,0.0,-0.050000000000000044
both_00026,00026,both,Item + Task Shift,00026_MST_task_2025-11-15_16h03.48.687.csv,00026_MST_test_2025-11-15_16h29.12.970.csv,unique_pair,0.9567901234567902,280,150,1.6601583900002879,1.4114032494997082,1.3789818600007493,1.0,1.0,1.0,0.03333333333333333,0.16666666666666666,0.8,1.0,1.933747960000134,0.35,0.55,0.6,0.35,0.55,0.6,0.7,0.45,0.6,0.95,0.85,0.95,0.7,0.45,0.6,0.31666666666666665,0.5333333333333333,0.9166666666666666,0.5166666666666667,0.2833333333333333,0.8166666666666667,0.5666666666666667,0.43333333333333335,0.9166666666666666,0.24875514050057967,-0.0324213894989589,-0.20000000000000007,0.04999999999999993,0.15000000000000002,0.25,0.09999999999999998
both_00027,00027,both,Item + Task Shift,00027_MST_task_2025-11-17_14h45.33.830.csv,00027_MST_test_2025-11-17_15h14.33.025.csv,unique_pair,0.9285714285714286,280,150,1.493527010000001,1.1686734490000035,1.0742959724999934,1.0,1.0,1.0,0.06666666666666667,0.13333333333333333,0.8,1.0,0.99007016999999,0.85,0.8,0.9,0.85,0.8,0.9,0.7,0.65,0.5,0.7,0.8,0.65,0.7,0.65,0.5,0.7833333333333333,0.5666666666666667,0.6333333333333333,0.7333333333333334,0.5166666666666667,0.7333333333333334,0.8333333333333334,0.3666666666666667,0.5833333333333334,0.3248535609999976,-0.09437747650001005,0.04999999999999993,0.09999999999999998,-0.15000000000000002,0.04999999999999993,-0.15000000000000002
both_00028,00028,both,Item + Task Shift,00028_MST_task_2025-11-17_17h09.59.427.csv,00028_MST_test_2025-11-17_17h48.12.274.csv,unique_pair,0.9631901840490797,280,150,1.5698373875000926,1.4093903432161066,1.3797082324999337,1.0,1.0,1.0,0.06666666666666667,0.13333333333333333,0.8,1.0,2.066898633333343,0.5,0.65,0.6,0.5,0.65,0.6,0.45,0.4,0.35,0.65,0.7,0.55,0.45,0.4,0.35,0.43333333333333335,0.31666666666666665,0.5833333333333334,0.5833333333333334,0.2666666666666667,0.6333333333333333,0.5333333333333333,0.21666666666666665,0.4833333333333334,0.16044704428398604,-0.029682110716172883,-0.15000000000000002,-0.050000000000000044,-0.05000000000000007,0.04999999999999993,-0.1499999999999999
both_00029,00029,both,Item + Task Shift,00029_MST_task_2025-11-17_19h57.21.052.csv,00029_MST_test_2025-11-17_20h24.42.007.csv,unique_pair,0.9874213836477987,280,150,2.0607043874996633,1.6944611839998833,1.6326585299997531,1.0,1.0,1.0,0.0,0.23333333333333334,0.7666666666666667,1.0,2.5983410366668975,0.55,0.65,0.6,0.55,0.65,0.6,0.65,0.95,0.9,0.9,0.95,0.9,0.65,0.95,0.9,0.55,0.4166666666666667,0.9,0.65,0.7166666666666666,0.95,0.6,0.6666666666666667,0.9,0.36624320349978,-0.061802654000130186,-0.09999999999999998,-0.050000000000000044,-0.04999999999999982,-0.2999999999999999,-0.04999999999999993
both_00030,00030,both,Item + Task Shift,00030_MST_task_2025-11-18_16h15.07.638.csv,00030_MST_test_2025-11-18_16h42.15.702.csv,unique_pair,0.9745222929936306,280,150,2.8271550435898134,2.5344209244999685,2.48163957750005,1.0,1.0,1.0,0.0,0.13333333333333333,0.8666666666666667,1.0,2.407274903333382,0.3,0.4,0.4,0.3,0.4,0.4,0.3,0.4,0.4,0.8,0.8,0.8,0.3,0.4,0.4,0.3,0.16666666666666666,0.8,0.4,0.2666666666666667,0.8,0.4,0.2666666666666667,0.8,0.2927341190898449,-0.052781346999918544,-0.10000000000000003,0.0,0.0,-0.10000000000000006,0.0
both_00031,00031,both,Item + Task Shift,00031_MST_task_2025-11-21_15h47.15.320.csv,00031_MST_test_2025-11-21_16h33.17.994.csv,unique_pair,0.9182389937106918,280,150,1.9210138725014985,1.7034250965015962,1.7536018824976054,1.0,1.0,1.0,0.0,0.13333333333333333,0.8666666666666667,1.0,1.7549452500010374,0.65,0.55,0.7,0.65,0.55,0.7,0.5,0.8,0.55,0.65,0.9,0.8,0.5,0.8,0.55,0.65,0.3666666666666667,0.65,0.55,0.6666666666666667,0.9,0.7,0.41666666666666674,0.8,0.21758877599990223,0.050176785996009166,0.09999999999999998,0.1499999999999999,-0.25,-0.30000000000000004,-0.09999999999999998
both_00032,00032,both,Item + Task Shift,00032_MST_task_2026-01-16_10h16.07.864.csv,00032_MST_test_2026-01-16_11h00.42.172.csv,unique_pair,0.9693251533742331,280,150,2.1706283124996846,1.7447607430005154,1.9194908025005133,1.0,1.0,1.0,0.0,0.36666666666666664,0.6333333333333333,1.0,2.143812479999906,0.7,0.9,0.8,0.7,0.9,0.8,0.4,0.35,0.3,0.5,0.5,0.4,0.4,0.35,0.3,0.7,0.03333333333333338,0.5,0.9,-0.016666666666666663,0.5,0.8,-0.06666666666666665,0.4,0.42586756949916915,0.17473005949999787,-0.20000000000000007,-0.09999999999999998,-0.04999999999999999,0.050000000000000044,-0.09999999999999998
both_00033,00033,both,Item + Task Shift,00033_MST_task_2026-01-16_12h22.39.096.csv,00033_MST_test_2026-01-16_12h51.02.580.csv,resolved_latest_complete_pair,0.9490445859872612,280,150,2.479972254999848,2.254899402500023,2.1976561750000654,1.0,1.0,1.0,0.0,0.43333333333333335,0.5666666666666667,1.0,2.23242377000012,0.65,0.7,0.45,0.65,0.7,0.45,0.6,0.75,0.45,0.8,0.8,0.65,0.6,0.75,0.45,0.65,0.16666666666666663,0.8,0.7,0.31666666666666665,0.8,0.45,0.016666666666666663,0.65,0.2250728524998249,-0.057243227499957694,-0.04999999999999993,-0.24999999999999994,-0.3,-0.15000000000000002,-0.15000000000000002
both_00034,00034,both,Item + Task Shift,00034_MST_task_2026-01-16_11h55.32.155.csv,00034_MST_test_2026-01-16_12h27.35.390.csv,unique_pair,0.9751552795031055,280,150,2.4501135874998,1.8705652788935618,1.9772272049998718,1.0,1.0,1.0,0.03333333333333333,0.1,0.8666666666666667,1.0,2.25235449999988,0.35,0.55,0.65,0.35,0.55,0.65,0.7,0.7,0.55,0.85,0.95,0.75,0.7,0.7,0.55,0.31666666666666665,0.6,0.8166666666666667,0.5166666666666667,0.6,0.9166666666666666,0.6166666666666667,0.45000000000000007,0.7166666666666667,0.5795483086062381,0.10666192610630998,-0.20000000000000007,0.09999999999999998,-0.1499999999999999,0.0,-0.19999999999999996
both_00036,00036,both,Item + Task Shift,00036_MST_task_2026-01-16_15h17.10.885.csv,00036_MST_test_2026-01-16_15h43.24.043.csv,unique_pair,0.9146341463414634,280,150,1.5148547024989967,1.392798533499008,1.3056810375019268,1.0,1.0,1.0,0.06666666666666667,0.36666666666666664,0.5666666666666667,1.0,1.874955366664411,0.7,0.65,0.55,0.7,0.65,0.55,0.3,0.45,0.25,0.65,0.7,0.35,0.3,0.45,0.25,0.6333333333333333,-0.06666666666666665,0.5833333333333334,0.5833333333333334,0.08333333333333337,0.6333333333333333,0.4833333333333334,-0.11666666666666664,0.2833333333333333,0.12205616899998861,-0.0871174959970813,0.04999999999999993,-0.09999999999999998,-0.2,-0.15000000000000002,-0.35
both_00037,00037,both,Item + Task Shift,00037_MST_task_2026-01-16_21h31.12.620.csv,00037_MST_test_2026-01-16_22h02.46.955.csv,unique_pair,0.9363057324840764,280,150,2.6840385250005054,2.2986870688442127,2.2241003899987843,1.0,1.0,1.0,0.2,0.2,0.6,1.0,4.230453553333064,0.75,0.85,0.95,0.75,0.85,0.95,0.1,0.25,0.2,0.4,0.4,0.45,0.1,0.25,0.2,0.55,-0.1,0.2,0.6499999999999999,0.04999999999999999,0.2,0.75,0.0,0.25,0.38535145615629274,-0.07458667884542836,-0.09999999999999987,0.10000000000000009,-0.04999999999999999,-0.15,0.04999999999999999
both_00038,00038,both,Item + Task Shift,00038_MST_task_2026-01-16_22h21.40.058.csv,00038_MST_test_2026-01-16_23h03.09.394.csv,unique_pair,0.9487179487179487,280,150,1.3704811461562387,1.439892121500161,1.2812727525037189,1.0,1.0,1.0,0.0,0.13333333333333333,0.8666666666666667,1.0,1.6157017866663712,0.45,0.4,0.45,0.45,0.4,0.45,0.45,0.65,0.45,1.0,0.85,0.85,0.45,0.65,0.45,0.45,0.31666666666666665,1.0,0.4,0.5166666666666667,0.85,0.45,0.31666666666666665,0.85,-0.06941097534392227,-0.15861936899644213,0.04999999999999999,0.04999999999999999,-0.20000000000000007,-0.20000000000000007,0.0
both_00039,00039,both,Item + Task Shift,00039_MST_task_2026-01-17_10h46.08.097.csv,00039_MST_test_2026-01-17_11h12.14.726.csv,unique_pair,0.9559748427672956,280,150,1.6254423924998265,1.4047299934978945,1.4599114399999962,1.0,1.0,1.0,0.1,0.1,0.8,1.0,2.082173896660485,0.85,0.85,0.8,0.85,0.85,0.8,0.5,0.25,0.35,0.6,0.5,0.4,0.5,0.25,0.35,0.75,0.4,0.5,0.75,0.15,0.4,0.7000000000000001,0.24999999999999997,0.30000000000000004,0.22071239900193196,0.05518144650210166,0.0,-0.04999999999999993,0.09999999999999998,0.25,-0.09999999999999998
both_00040,00040,both,Item + Task Shift,00040_MST_task_2026-01-17_11h26.33.901.csv,00040_MST_test_2026-01-17_12h02.35.455.csv,unique_pair,0.9691358024691358,280,150,1.6614669250004226,1.474658674000093,1.438515519999055,1.0,1.0,1.0,0.0,0.1,0.9,1.0,2.622379566667951,0.75,0.9,0.65,0.75,0.9,0.65,0.2,0.35,0.4,0.45,0.7,0.7,0.2,0.35,0.4,0.75,0.1,0.45,0.9,0.24999999999999997,0.7,0.65,0.30000000000000004,0.7,0.1868082510003295,-0.03614315400103818,-0.15000000000000002,-0.25,0.05000000000000007,-0.14999999999999997,0.0
both_00041,00041,both,Item + Task Shift,00041_MST_task_2026-01-17_12h11.08.959.csv,00041_MST_test_2026-01-17_12h38.24.102.csv,unique_pair,0.9745222929936306,280,150,1.967582187500011,1.8457164364996788,1.5978924075003307,1.0,1.0,1.0,0.0,0.2,0.8,1.0,2.8091546233335976,0.4,0.3,0.7,0.4,0.3,0.7,0.75,0.9,0.85,0.9,0.9,0.95,0.75,0.9,0.85,0.4,0.55,0.9,0.3,0.7,0.9,0.7,0.6499999999999999,0.95,0.12186575100033226,-0.24782402899934808,0.10000000000000003,0.39999999999999997,-0.050000000000000044,-0.1499999999999999,0.04999999999999993
both_00042,00042,both,Item + Task Shift,00042_MST_task_2026-01-17_15h05.40.791.csv,00042_MST_test_2026-01-17_15h54.18.926.csv,unique_pair,0.9671052631578947,280,150,2.3358740824996858,2.3679286360000695,2.255782069999623,1.0,1.0,1.0,0.06666666666666667,0.13333333333333333,0.8,1.0,1.6881682500005506,0.3,0.65,0.65,0.3,0.65,0.65,0.3,0.3,0.15,0.8,0.75,0.7,0.3,0.3,0.15,0.23333333333333334,0.16666666666666666,0.7333333333333334,0.5833333333333334,0.16666666666666666,0.6833333333333333,0.5833333333333334,0.016666666666666663,0.6333333333333333,-0.032054553500383776,-0.11214656600044659,-0.35000000000000003,0.0,-0.15,0.0,-0.050000000000000044
both_00043,00043,both,Item + Task Shift,00043_MST_task_2026-01-17_15h59.33.115.csv,00043_MST_test_2026-01-17_16h46.47.651.csv,unique_pair,0.9493670886075949,280,150,2.621974282500014,2.1398945705001826,1.9765459249996638,1.0,1.0,1.0,0.0,0.03333333333333333,0.9666666666666667,1.0,2.0536812099987096,0.4,0.6,0.55,0.4,0.6,0.55,0.3,0.3,0.3,0.85,0.8,0.75,0.3,0.3,0.3,0.4,0.26666666666666666,0.85,0.6,0.26666666666666666,0.8,0.55,0.26666666666666666,0.75,0.48207971199983124,-0.16334864550051886,-0.19999999999999996,-0.04999999999999993,0.0,0.0,-0.050000000000000044
both_00044,00044,both,Item + Task Shift,00044_MST_task_2026-01-17_16h35.46.136.csv,00044_MST_test_2026-01-17_17h07.24.402.csv,unique_pair,0.937888198757764,280,150,1.8377961199999846,1.8448156599995855,1.852705687501293,1.0,1.0,1.0,0.03333333333333333,0.3333333333333333,0.6333333333333333,1.0,4.423009383333071,0.7,0.95,0.9,0.7,0.95,0.9,0.35,0.4,0.4,0.4,0.45,0.4,0.35,0.4,0.4,0.6666666666666666,0.016666666666666663,0.3666666666666667,0.9166666666666666,0.06666666666666671,0.4166666666666667,0.8666666666666667,0.06666666666666671,0.3666666666666667,-0.007019539999600921,0.00789002750170753,-0.25,-0.04999999999999993,0.0,-0.050000000000000044,-0.04999999999999999
both_00045,00045,both,Item + Task Shift,00045_MST_task_2026-01-17_17h37.26.166.csv,00045_MST_test_2026-01-17_18h03.54.425.csv,unique_pair,0.9407894736842105,280,150,1.9086332794865415,1.8193562249995012,1.7670310250010517,1.0,1.0,1.0,0.0,0.1,0.9,1.0,1.90283944333302,0.75,0.5,0.55,0.75,0.5,0.55,0.35,0.3,0.35,0.75,0.7,0.65,0.35,0.3,0.35,0.75,0.24999999999999997,0.75,0.5,0.19999999999999998,0.7,0.55,0.24999999999999997,0.65,0.08927705448704026,-0.052325199998449534,0.25,0.050000000000000044,0.04999999999999999,0.04999999999999999,-0.04999999999999993
both_00046,00046,both,Item + Task Shift,00046_MST_task_2026-01-17_18h21.17.024.csv,00046_MST_test_2026-01-17_18h47.41.863.csv,unique_pair,0.9215686274509803,280,150,1.5975295450014528,1.5328664206019276,1.5708916750001662,1.0,1.0,1.0,0.1,0.26666666666666666,0.6333333333333333,1.0,2.5563026866642757,0.65,0.8,0.75,0.65,0.8,0.75,0.25,0.3,0.45,0.7,0.6,0.65,0.25,0.3,0.45,0.55,-0.016666666666666663,0.6,0.7000000000000001,0.033333333333333326,0.5,0.65,0.18333333333333335,0.55,0.06466312439952526,0.03802525439823867,-0.15000000000000002,-0.050000000000000044,0.15000000000000002,-0.04999999999999999,0.050000000000000044
both_00047,00047,both,Item + Task Shift,00047_MST_task_2026-01-18_10h42.03.071.csv,00047_MST_test_2026-01-18_11h21.32.587.csv,unique_pair,0.9299363057324841,280,150,1.703694400000677,1.5574823969978024,1.2846503299981122,1.0,1.0,1.0,0.03333333333333333,0.3,0.6666666666666666,1.0,2.6589464933339815,0.65,0.7,0.6,0.65,0.7,0.6,0.5,0.8,0.75,0.7,0.85,0.8,0.5,0.8,0.75,0.6166666666666667,0.2,0.6666666666666666,0.6666666666666666,0.5,0.8166666666666667,0.5666666666666667,0.45,0.7666666666666667,0.14621200300287462,-0.2728320669996902,-0.04999999999999993,-0.09999999999999998,-0.04999999999999999,-0.3,-0.04999999999999993
both_00049,00049,both,Item + Task Shift,00049_MST_task_2026-01-18_12h17.50.288.csv,00049_MST_test_2026-01-18_12h55.08.788.csv,unique_pair,0.9493670886075949,280,150,1.906735854994622,1.4703335145008167,1.3549513649952132,1.0,1.0,1.0,0.0,0.2,0.8,1.0,2.433404553330426,0.45,0.4,0.45,0.45,0.4,0.45,0.5,0.5,0.4,0.7,0.85,0.65,0.5,0.5,0.4,0.45,0.3,0.7,0.4,0.3,0.85,0.45,0.2,0.65,0.43640234049380533,-0.11538214950560355,0.04999999999999999,0.04999999999999999,-0.09999999999999998,0.0,-0.19999999999999996
both_00050,00050,both,Item + Task Shift,00050_MST_task_2026-01-18_14h46.37.542.csv,00050_MST_test_2026-01-18_15h27.16.543.csv,unique_pair,0.9745222929936306,280,150,1.6232720899948618,1.390107217085391,1.7070508675038583,1.0,1.0,1.0,0.0,0.13333333333333333,0.8666666666666667,1.0,1.879923180001788,0.65,0.65,0.75,0.65,0.65,0.75,0.55,0.45,0.6,0.85,0.7,0.7,0.55,0.45,0.6,0.65,0.41666666666666674,0.85,0.65,0.31666666666666665,0.7,0.75,0.4666666666666667,0.7,0.23316487290947085,0.3169436504184673,0.0,0.09999999999999998,0.15000000000000002,0.10000000000000009,0.0
both_00051,00051,both,Item + Task Shift,00051_MST_task_2026-01-18_15h58.48.144.csv,00051_MST_test_2026-01-18_16h25.44.190.csv,unique_pair,0.9440993788819876,280,150,1.8034938350101584,1.6563434609989054,1.615325782498985,1.0,1.0,1.0,0.0,0.2,0.8,1.0,2.4041573466713695,0.55,0.8,0.55,0.55,0.8,0.55,0.6,0.6,0.55,0.8,0.8,0.85,0.6,0.6,0.55,0.55,0.39999999999999997,0.8,0.8,0.39999999999999997,0.8,0.55,0.35000000000000003,0.85,0.14715037401125297,-0.04101767849992033,-0.25,-0.25,-0.04999999999999993,0.0,0.04999999999999993
both_00052,00052,both,Item + Task Shift,00052_MST_task_2026-01-18_16h38.10.006.csv,00052_MST_test_2026-01-18_17h03.51.417.csv,unique_pair,0.9050632911392406,280,150,2.283999137498904,2.2903962424988276,2.0711483275023057,1.0,1.0,1.0,0.26666666666666666,0.03333333333333333,0.7,1.0,1.7464020633371546,0.9,0.6,0.7,0.9,0.6,0.7,0.4,0.15,0.2,0.65,0.35,0.45,0.4,0.15,0.2,0.6333333333333333,0.3666666666666667,0.38333333333333336,0.3333333333333333,0.11666666666666667,0.08333333333333331,0.4333333333333333,0.16666666666666669,0.18333333333333335,-0.006397104999923631,-0.21924791499652185,0.3,0.09999999999999998,0.05000000000000002,0.25,0.10000000000000003
both_00053,00053,both,Item + Task Shift,00053_MST_task_2026-01-18_17h18.33.436.csv,00053_MST_test_2026-01-18_17h47.05.654.csv,unique_pair,0.9607843137254902,280,150,1.7362925424953572,1.5169284206045202,1.5041580899967812,1.0,1.0,1.0,0.0,0.4,0.6,1.0,3.5341995133300466,0.6,0.75,0.4,0.6,0.75,0.4,0.75,0.85,0.55,0.9,0.95,0.75,0.75,0.85,0.55,0.6,0.35,0.9,0.75,0.44999999999999996,0.95,0.4,0.15000000000000002,0.75,0.2193641218908371,-0.012770330607738911,-0.15000000000000002,-0.35,-0.29999999999999993,-0.09999999999999998,-0.19999999999999996
both_00054,00054,both,Item + Task Shift,00054_MST_task_2026-01-18_18h01.08.629.csv,00054_MST_test_2026-01-18_18h26.51.352.csv,unique_pair,0.9490445859872612,280,150,1.6830559550027828,1.3957060743714145,1.3780441449969658,1.0,1.0,1.0,0.03333333333333333,0.26666666666666666,0.7,1.0,1.987983570001476,0.8,0.9,0.85,0.8,0.9,0.85,0.3,0.5,0.55,0.4,0.55,0.55,0.3,0.5,0.55,0.7666666666666667,0.033333333333333326,0.3666666666666667,0.8666666666666667,0.23333333333333334,0.5166666666666667,0.8166666666666667,0.2833333333333334,0.5166666666666667,0.28734988063136835,-0.01766192937444866,-0.09999999999999998,-0.050000000000000044,0.050000000000000044,-0.2,0.0
both_00055,00055,both,Item + Task Shift,00055_MST_task_2026-01-18_18h37.48.341.csv,00055_MST_test_2026-01-18_19h02.33.344.csv,unique_pair,0.8148148148148148,280,150,1.6907081549998566,1.616872719095542,1.9295106549999672,1.0,1.0,1.0,0.36666666666666664,0.06666666666666667,0.5666666666666667,1.0,1.7399496633333305,0.55,0.7,0.55,0.55,0.7,0.55,0.4,0.1,0.2,0.75,0.75,0.45,0.4,0.1,0.2,0.1833333333333334,0.33333333333333337,0.38333333333333336,0.3333333333333333,0.03333333333333334,0.38333333333333336,0.1833333333333334,0.13333333333333336,0.08333333333333337,0.07383543590431452,0.3126379359044251,-0.1499999999999999,-0.1499999999999999,0.10000000000000002,0.30000000000000004,-0.3
both_00056,00056,both,Item + Task Shift,00056_MST_task_2026-01-18_19h23.59.153.csv,00056_MST_test_2026-01-18_19h48.57.810.csv,unique_pair,0.9415584415584416,280,150,1.5835051199945156,1.3905181854989497,1.281617057499534,1.0,1.0,1.0,0.03333333333333333,0.23333333333333334,0.7333333333333333,1.0,1.6158705233363435,0.6,0.7,0.65,0.6,0.7,0.65,0.4,0.6,0.4,0.7,0.8,0.75,0.4,0.6,0.4,0.5666666666666667,0.16666666666666669,0.6666666666666666,0.6666666666666666,0.36666666666666664,0.7666666666666667,0.6166666666666667,0.16666666666666669,0.7166666666666667,0.19298693449556592,-0.10890112799941565,-0.09999999999999998,-0.04999999999999993,-0.19999999999999996,-0.19999999999999996,-0.050000000000000044
both_00057,00057,both,Item + Task Shift,00057_MST_task_2026-01-18_21h46.54.870.csv,00057_MST_test_2026-01-18_22h26.01.980.csv,unique_pair,0.9551282051282052,280,150,1.6409695675001785,1.7256521604999762,1.7072597049999785,1.0,1.0,1.0,0.1,0.1,0.8,1.0,1.8837544966662487,0.6,0.6,0.7,0.6,0.6,0.7,0.4,0.8,0.45,0.65,0.95,0.9,0.4,0.8,0.45,0.5,0.30000000000000004,0.55,0.5,0.7000000000000001,0.85,0.6,0.35,0.8,-0.08468259299979763,-0.018392455499997684,0.0,0.09999999999999998,-0.3500000000000001,-0.4,-0.04999999999999993
both_00058,00058,both,Item + Task Shift,00058_MST_task_2026-01-19_10h33.30.310.csv,00058_MST_test_2026-01-19_11h41.42.159.csv,unique_pair,0.9867549668874173,280,150,4.3008669124959855,3.8833131339971443,4.4213784099905755,1.0,1.0,1.0,0.06666666666666667,0.26666666666666666,0.6666666666666666,1.0,7.123582013337485,0.5,0.6,0.65,0.5,0.6,0.65,0.4,0.3,0.4,0.45,0.5,0.55,0.4,0.3,0.4,0.43333333333333335,0.13333333333333336,0.38333333333333336,0.5333333333333333,0.033333333333333326,0.43333333333333335,0.5833333333333334,0.13333333333333336,0.4833333333333334,0.41755377849884123,0.5380652759934312,-0.09999999999999998,0.050000000000000044,0.10000000000000003,0.10000000000000003,0.050000000000000044
both_00059,00059,both,Item + Task Shift,00059_MST_task_2026-01-19_14h57.32.554.csv,00059_MST_test_2026-01-19_15h22.33.265.csv,unique_pair,0.9683544303797469,280,150,1.5561537074972875,1.4819785640001646,1.2801296874938999,1.0,1.0,1.0,0.0,0.13333333333333333,0.8666666666666667,1.0,1.9637029033348274,0.65,0.7,0.8,0.65,0.7,0.8,0.35,0.5,0.8,0.45,0.65,0.85,0.35,0.5,0.8,0.65,0.21666666666666665,0.45,0.7,0.3666666666666667,0.65,0.8,0.6666666666666667,0.85,0.07417514349712295,-0.2018488765062647,-0.04999999999999993,0.10000000000000009,0.30000000000000004,-0.15000000000000005,0.19999999999999996
both_00060,00060,both,Item + Task Shift,00060_MST_task_2026-01-19_16h09.40.790.csv,00060_MST_test_2026-01-19_17h39.04.439.csv,unique_pair,,280,150,1.2644905850000001,1.1097048415000001,1.0959190525,1.0,1.0,1.0,0.0,0.13333333333333333,0.8666666666666667,1.0,2.337951623333356,0.5,0.65,0.65,0.5,0.65,0.65,0.4,0.45,0.6,0.85,0.8,0.75,0.4,0.45,0.6,0.5,0.2666666666666667,0.85,0.65,0.31666666666666665,0.8,0.65,0.4666666666666667,0.75,0.15478574349999996,-0.01378578900000016,-0.15000000000000002,0.0,0.15000000000000002,-0.04999999999999993,-0.050000000000000044
both_00061,00061,both,Item + Task Shift,00061_MST_task_2026-01-19_16h57.47.717.csv,00061_MST_test_2026-01-19_17h22.37.232.csv,unique_pair,0.9935483870967742,280,150,1.7861661925038788,1.4610192480002298,1.4910293450011523,1.0,1.0,1.0,0.03333333333333333,0.03333333333333333,0.9333333333333333,1.0,2.7393522633317238,0.55,0.55,0.65,0.55,0.55,0.65,0.3,0.3,0.3,0.8,0.8,0.7,0.3,0.3,0.3,0.5166666666666667,0.26666666666666666,0.7666666666666667,0.5166666666666667,0.26666666666666666,0.7666666666666667,0.6166666666666667,0.26666666666666666,0.6666666666666666,0.325146944503649,0.030010097000922498,0.0,0.09999999999999998,0.0,0.0,-0.10000000000000009
both_00062,00062,both,Item + Task Shift,00062_MST_task_2026-01-19_17h33.39.502.csv,00062_MST_test_2026-01-19_18h03.17.511.csv,unique_pair,0.8961038961038961,280,150,2.2204410175007068,1.9849026844214914,1.9599198424926727,1.0,1.0,1.0,0.03333333333333333,0.26666666666666666,0.7,1.0,2.3495913433337896,0.7,0.8,0.95,0.7,0.8,0.95,0.3,0.5,0.5,0.75,0.75,0.65,0.3,0.5,0.5,0.6666666666666666,0.033333333333333326,0.7166666666666667,0.7666666666666667,0.23333333333333334,0.7166666666666667,0.9166666666666666,0.23333333333333334,0.6166666666666667,0.23553833307921535,-0.024982841928818722,-0.10000000000000009,0.1499999999999999,0.0,-0.2,-0.09999999999999998
both_00063,00063,both,Item + Task Shift,00063_MST_task_2026-01-19_18h15.20.709.csv,00063_MST_test_2026-01-19_18h40.38.986.csv,unique_pair,0.9433962264150944,280,150,1.8754449499989279,1.5504077955012325,1.500828622498375,1.0,1.0,1.0,0.06666666666666667,0.13333333333333333,0.8,1.0,2.28336648332964,0.6,0.75,0.6,0.6,0.75,0.6,0.5,0.4,0.5,0.75,0.75,0.75,0.5,0.4,0.5,0.5333333333333333,0.3666666666666667,0.6833333333333333,0.6833333333333333,0.2666666666666667,0.6833333333333333,0.5333333333333333,0.3666666666666667,0.6833333333333333,0.3250371544976953,-0.049579173002857635,-0.15000000000000002,-0.15000000000000002,0.09999999999999998,0.09999999999999998,0.0
both_00064,00064,both,Item + Task Shift,00064_MST_task_2026-01-19_21h51.27.317.csv,00064_MST_test_2026-01-19_22h17.30.709.csv,unique_pair,0.9620253164556962,280,150,1.607176547498966,1.433560517001024,1.3440977350008325,1.0,1.0,1.0,0.0,0.13333333333333333,0.8666666666666667,1.0,1.9492336233243501,0.35,0.75,0.45,0.35,0.75,0.45,0.55,0.4,0.35,0.8,0.6,0.75,0.55,0.4,0.35,0.35,0.41666666666666674,0.8,0.75,0.2666666666666667,0.6,0.45,0.21666666666666665,0.75,0.17361603049794216,-0.08946278200019142,-0.4,-0.3,-0.05000000000000007,0.15000000000000002,0.15000000000000002
both_00065,00065,both,Item + Task Shift,00065_MST_task_2026-01-20_10h45.49.248.csv,00065_MST_test_2026-01-20_11h58.49.978.csv,unique_pair,0.95,280,150,2.277020110009471,1.8217502575024265,1.8142826199939008,1.0,1.0,1.0,0.0,0.26666666666666666,0.7333333333333333,1.0,2.354135883320123,0.45,0.75,0.75,0.45,0.75,0.75,0.6,0.65,0.8,0.75,0.8,0.85,0.6,0.65,0.8,0.45,0.3333333333333333,0.75,0.75,0.38333333333333336,0.8,0.75,0.5333333333333334,0.85,0.45526985250704466,-0.0074676375085256375,-0.3,0.0,0.15000000000000008,-0.050000000000000044,0.04999999999999993
both_00066,00066,both,Item + Task Shift,00066_MST_task_2026-01-20_12h00.59.817.csv,00066_MST_test_2026-01-20_12h26.21.761.csv,unique_pair,0.9625,280,150,1.231516640004702,1.0680998950009235,1.0083891999980552,1.0,1.0,1.0,0.03333333333333333,0.2,0.7666666666666667,1.0,2.7264735566626768,0.85,0.75,0.9,0.85,0.75,0.9,0.8,0.85,0.55,0.85,0.85,0.7,0.8,0.85,0.55,0.8166666666666667,0.6000000000000001,0.8166666666666667,0.7166666666666667,0.6499999999999999,0.8166666666666667,0.8666666666666667,0.35000000000000003,0.6666666666666666,0.16341674500377845,-0.0597106950028683,0.09999999999999998,0.15000000000000002,-0.2999999999999999,-0.04999999999999982,-0.15000000000000002
both_00067,00067,both,Item + Task Shift,00067_MST_task_2026-01-25_15h01.19.462.csv,00067_MST_test_2026-01-25_15h37.10.370.csv,unique_pair,0.968944099378882,280,150,2.1187793950011837,1.9754289760004031,2.0970409250061492,1.0,1.0,1.0,0.13333333333333333,0.1,0.7666666666666667,1.0,2.38256663333547,0.85,0.9,0.8,0.85,0.9,0.8,0.25,0.45,0.35,0.4,0.45,0.35,0.25,0.45,0.35,0.7166666666666667,0.15,0.2666666666666667,0.7666666666666667,0.35,0.31666666666666665,0.6666666666666667,0.24999999999999997,0.21666666666666665,0.1433504190007806,0.12161194900574612,-0.050000000000000044,-0.09999999999999998,-0.1,-0.19999999999999998,-0.1
task_only_00019,00019,task_only,Task Shift Only,00019_MST_task_2025-11-08_12h25.21.130.csv,00019_MST_test_2025-11-08_12h49.14.340.csv,unique_pair,0.8936170212765957,280,150,1.9862495275000356,1.986004125500033,1.8682558150000204,1.0,1.0,1.0,0.13333333333333333,0.3333333333333333,0.5333333333333333,1.0,1.6968024366666214,0.6,0.8,0.9,0.6,0.8,0.9,0.4,0.4,0.45,0.55,0.45,0.55,0.4,0.4,0.45,0.4666666666666667,0.06666666666666671,0.41666666666666674,0.6666666666666667,0.06666666666666671,0.31666666666666665,0.7666666666666667,0.1166666666666667,0.41666666666666674,0.0002454020000026702,-0.11774831050001255,-0.20000000000000007,0.09999999999999998,0.04999999999999999,0.0,0.10000000000000009
task_only_00020,00020,task_only,Task Shift Only,00020_MST_task_2025-11-08_18h04.13.718.csv,00020_MST_test_2025-11-08_18h29.24.405.csv,unique_pair,0.9534883720930233,280,150,2.21069455750021,1.8584878065001795,1.7751207299999805,1.0,1.0,1.0,0.03333333333333333,0.2,0.7666666666666667,1.0,2.5813878100002814,0.7,0.85,0.75,0.7,0.85,0.75,0.25,0.45,0.55,0.5,0.55,0.65,0.25,0.45,0.55,0.6666666666666666,0.04999999999999999,0.4666666666666667,0.8166666666666667,0.25,0.5166666666666667,0.7166666666666667,0.35000000000000003,0.6166666666666667,0.3522067510000306,-0.08336707650019903,-0.15000000000000002,-0.09999999999999998,0.10000000000000003,-0.2,0.09999999999999998
task_only_00021,00021,task_only,Task Shift Only,00021_MST_task_2025-11-08_21h31.55.785.csv,00021_MST_test_2025-11-08_21h59.32.852.csv,resolved_latest_complete_pair,1.0,280,150,2.49870298750011,2.2033515396988195,2.4016233349993854,1.0,1.0,1.0,0.0,0.2,0.8,1.0,1.712714483333548,0.55,0.5,0.6,0.55,0.5,0.6,0.55,0.7,0.65,0.75,0.8,0.75,0.55,0.7,0.65,0.55,0.35000000000000003,0.75,0.5,0.49999999999999994,0.8,0.6,0.45,0.75,0.2953514478012904,0.19827179530056593,0.050000000000000044,0.09999999999999998,-0.04999999999999993,-0.1499999999999999,-0.050000000000000044
task_only_00022,00022,task_only,Task Shift Only,00022_MST_task_2025-11-09_11h49.42.417.csv,00022_MST_test_2025-11-09_12h15.12.382.csv,unique_pair,0.9615384615384616,280,150,1.969437045000086,1.5689873910003371,1.5290364874981606,1.0,1.0,1.0,0.0,0.16666666666666666,0.8333333333333334,1.0,2.467831049998737,0.85,0.75,0.9,0.85,0.75,0.9,0.6,0.7,0.8,0.6,0.7,0.85,0.6,0.7,0.8,0.85,0.43333333333333335,0.6,0.75,0.5333333333333333,0.7,0.9,0.6333333333333334,0.85,0.40044965399974886,-0.03995090350217656,0.09999999999999998,0.15000000000000002,0.10000000000000009,-0.09999999999999998,0.15000000000000002
task_only_00023,00023,task_only,Task Shift Only,00023_MST_task_2025-11-09_16h10.25.535.csv,00023_MST_test_2025-11-09_16h38.05.927.csv,resolved_latest_complete_pair,0.9767441860465116,280,150,2.2863296975003324,2.0519091277782344,2.086871707499813,1.0,1.0,1.0,0.03333333333333333,0.4,0.5666666666666667,1.0,2.1837575999990806,0.7,0.65,0.8,0.7,0.65,0.8,0.45,0.65,0.65,0.5,0.7,0.7,0.45,0.65,0.65,0.6666666666666666,0.04999999999999999,0.4666666666666667,0.6166666666666667,0.25,0.6666666666666666,0.7666666666666667,0.25,0.6666666666666666,0.23442056972209802,0.03496257972157846,0.04999999999999993,0.15000000000000002,0.0,-0.2,0.0
task_only_00024,00024,task_only,Task Shift Only,00024_MST_task_2025-11-09_18h45.42.464.csv,00024_MST_test_2025-11-09_19h14.07.408.csv,unique_pair,0.9318181818181818,280,150,2.202364969998962,1.964476052500104,2.44699693750008,1.0,1.0,1.0,0.0,0.13333333333333333,0.8666666666666667,1.0,3.156969443332249,0.75,0.7,0.7,0.75,0.7,0.7,0.95,0.8,0.85,1.0,0.85,0.9,0.95,0.8,0.85,0.75,0.8166666666666667,1.0,0.7,0.6666666666666667,0.85,0.7,0.7166666666666667,0.9,0.23788891749885788,0.48252088499997625,0.050000000000000044,0.0,0.04999999999999993,0.1499999999999999,0.050000000000000044
task_only_00025,00025,task_only,Task Shift Only,00025_MST_task_2025-11-10_15h37.05.281.csv,00025_MST_test_2025-11-10_16h04.32.749.csv,unique_pair,0.9743589743589743,280,150,2.17738530000006,2.2306513371859182,2.305750467499968,1.0,1.0,1.0,0.0,0.23333333333333334,0.7666666666666667,1.0,2.082220150000012,0.45,0.7,0.7,0.45,0.7,0.7,0.75,0.5,0.55,0.85,0.6,0.7,0.75,0.5,0.55,0.45,0.5166666666666666,0.85,0.7,0.26666666666666666,0.6,0.7,0.3166666666666667,0.7,-0.053266037185858206,0.07509913031404958,-0.24999999999999994,0.0,0.050000000000000044,0.24999999999999994,0.09999999999999998
task_only_00026,00026,task_only,Task Shift Only,00026_MST_task_2025-11-11_05h26.46.426.csv,00026_MST_test_2025-11-11_05h50.27.008.csv,unique_pair,0.9761904761904762,280,150,2.566653070000018,2.335964719500014,2.7214231150000048,1.0,1.0,1.0,0.0,0.3,0.7,1.0,4.996638406666656,0.75,0.95,0.7,0.75,0.95,0.7,0.5,0.65,0.6,0.6,0.65,0.7,0.5,0.65,0.6,0.75,0.2,0.6,0.95,0.35000000000000003,0.65,0.7,0.3,0.7,0.2306883505000039,0.38545839549999084,-0.19999999999999996,-0.25,-0.050000000000000044,-0.15000000000000002,0.04999999999999993
task_only_00027,00027,task_only,Task Shift Only,00027_MST_task_2025-11-14_16h15.34.724.csv,00027_MST_test_2025-11-14_17h03.55.071.csv,unique_pair,1.0,280,150,3.5496220799999265,3.5645453809999865,3.5584912824999377,1.0,1.0,1.0,0.0,0.06666666666666667,0.9333333333333333,1.0,2.3452052333333997,0.5,0.6,0.9,0.5,0.6,0.9,0.8,0.5,0.8,0.8,0.65,0.8,0.8,0.5,0.8,0.5,0.7333333333333334,0.8,0.6,0.43333333333333335,0.65,0.9,0.7333333333333334,0.8,-0.014923301000060007,-0.006054098500048788,-0.09999999999999998,0.30000000000000004,0.30000000000000004,0.30000000000000004,0.15000000000000002
task_only_00028,00028,task_only,Task Shift Only,00028_MST_task_2025-11-14_19h03.32.428.csv,00028_MST_test_2025-11-14_19h28.58.680.csv,unique_pair,0.9423076923076923,280,150,1.4943220500000962,1.344972845500015,1.1998177899999747,1.0,1.0,1.0,0.03333333333333333,0.06666666666666667,0.9,1.0,1.3471926566666297,0.75,0.8,0.9,0.75,0.8,0.9,0.7,0.75,0.8,0.9,0.85,0.85,0.7,0.75,0.8,0.7166666666666667,0.6333333333333333,0.8666666666666667,0.7666666666666667,0.6833333333333333,0.8166666666666667,0.8666666666666667,0.7333333333333334,0.8166666666666667,0.14934920450008127,-0.14515505550004026,-0.050000000000000044,0.09999999999999998,0.050000000000000044,-0.050000000000000044,0.0
task_only_00029,00029,task_only,Task Shift Only,00029_MST_task_2025-11-15_11h29.12.994.csv,00029_MST_test_2025-11-15_11h52.06.081.csv,unique_pair,0.9555555555555556,280,150,2.1098248825001065,1.8767839434999587,1.9617584725002417,1.0,1.0,1.0,0.03333333333333333,0.0,0.9666666666666667,1.0,2.969751186667175,0.65,0.6,0.75,0.65,0.6,0.75,0.8,0.4,0.7,0.95,0.9,0.95,0.8,0.4,0.7,0.6166666666666667,0.8,0.9166666666666666,0.5666666666666667,0.4,0.8666666666666667,0.7166666666666667,0.7,0.9166666666666666,0.23304093900014777,0.08497452900028302,0.050000000000000044,0.15000000000000002,0.29999999999999993,0.4,0.04999999999999993
task_only_00030,00030,task_only,Task Shift Only,00030_MST_task_2025-11-15_18h08.36.625.csv,00030_MST_test_2025-11-15_18h38.22.342.csv,unique_pair,0.9803921568627451,280,150,2.8950621450000087,2.6544042111111024,2.552052330000015,1.0,1.0,1.0,0.06666666666666667,0.16666666666666666,0.7666666666666667,1.0,4.148570119999931,0.25,0.3,0.3,0.25,0.3,0.3,0.5,0.55,0.5,0.85,0.9,0.95,0.5,0.55,0.5,0.18333333333333335,0.33333333333333337,0.7833333333333333,0.23333333333333334,0.3833333333333334,0.8333333333333334,0.23333333333333334,0.33333333333333337,0.8833333333333333,0.24065793388890633,-0.10235188111108728,-0.04999999999999999,0.0,-0.050000000000000044,-0.050000000000000044,0.04999999999999993
task_only_00032,00032,task_only,Task Shift Only,00032_MST_task_2026-01-16_11h31.50.282.csv,00032_MST_test_2026-01-16_12h17.18.732.csv,unique_pair,0.9361702127659575,280,150,1.9112211675000708,1.6134377754999423,1.7187693125000352,1.0,1.0,1.0,0.03333333333333333,0.1,0.8666666666666667,1.0,1.8786730533320224,0.35,0.65,0.4,0.35,0.65,0.4,0.35,0.3,0.35,0.85,0.8,0.75,0.35,0.3,0.35,0.31666666666666665,0.24999999999999997,0.8166666666666667,0.6166666666666667,0.19999999999999998,0.7666666666666667,0.3666666666666667,0.24999999999999997,0.7166666666666667,0.2977833920001285,0.1053315370000929,-0.30000000000000004,-0.25,0.04999999999999999,0.04999999999999999,-0.050000000000000044
task_only_00033,00033,task_only,Task Shift Only,00033_MST_task_2025-11-18_14h44.49.862.csv,00033_MST_test_2025-11-18_15h10.05.046.csv,unique_pair,1.0,280,150,1.8356926575000032,1.5669390359999944,1.641391967500023,1.0,1.0,1.0,0.0,0.13333333333333333,0.8666666666666667,1.0,1.2868442799999988,0.8,0.75,0.7,0.8,0.75,0.7,0.45,0.65,0.55,0.7,0.7,0.7,0.45,0.65,0.55,0.8,0.31666666666666665,0.7,0.75,0.5166666666666667,0.7,0.7,0.41666666666666674,0.7,0.2687536215000088,0.07445293150002863,0.050000000000000044,-0.050000000000000044,-0.09999999999999998,-0.20000000000000007,0.0
task_only_00034,00034,task_only,Task Shift Only,00034_MST_task_2026-01-16_12h47.55.482.csv,00034_MST_test_2026-01-16_13h12.28.236.csv,unique_pair,0.9069767441860465,280,150,2.3221933675009496,2.003812402500407,1.7790687575004995,1.0,1.0,1.0,0.03333333333333333,0.1,0.8666666666666667,1.0,1.7258000399994975,0.25,0.4,0.35,0.25,0.4,0.35,0.45,0.55,0.45,0.9,0.9,0.85,0.45,0.55,0.45,0.21666666666666667,0.35,0.8666666666666667,0.3666666666666667,0.45000000000000007,0.8666666666666667,0.31666666666666665,0.35,0.8166666666666667,0.31838096500054247,-0.22474364499990762,-0.15000000000000002,-0.050000000000000044,-0.10000000000000009,-0.10000000000000009,-0.050000000000000044
task_only_00035,00035,task_only,Task Shift Only,00035_MST_task_2026-01-16_14h49.08.296.csv,00035_MST_test_2026-01-16_15h26.14.383.csv,unique_pair,0.9111111111111111,280,150,3.2668374075023165,2.852426762814603,2.3721826450033405,1.0,1.0,1.0,0.0,0.2,0.8,1.0,1.7799836533347844,0.65,0.6,0.6,0.65,0.6,0.6,0.5,0.55,0.65,0.8,0.65,0.7,0.5,0.55,0.65,0.65,0.3,0.8,0.6,0.35000000000000003,0.65,0.6,0.45,0.7,0.4144106446877136,-0.4802441178112624,0.050000000000000044,0.0,0.09999999999999998,-0.050000000000000044,0.04999999999999993
task_only_00036,00036,task_only,Task Shift Only,00036_MST_task_2026-01-16_22h07.58.999.csv,00036_MST_test_2026-01-16_22h32.11.646.csv,unique_pair,0.94,280,150,2.0154970200004754,1.5348128165839703,1.5277723374987544,1.0,1.0,1.0,0.0,0.3333333333333333,0.6666666666666666,1.0,1.5461666766631728,0.3,0.55,0.65,0.3,0.55,0.65,0.85,0.55,0.65,0.9,0.75,0.85,0.85,0.55,0.65,0.3,0.5166666666666666,0.9,0.55,0.21666666666666673,0.75,0.65,0.3166666666666667,0.85,0.4806842034165051,-0.007040479085215878,-0.25000000000000006,0.09999999999999998,0.09999999999999998,0.2999999999999999,0.09999999999999998
task_only_00037,00037,task_only,Task Shift Only,00037_MST_task_2026-01-17_10h41.49.026.csv,00037_MST_test_2026-01-17_11h06.07.125.csv,unique_pair,0.9767441860465116,280,150,1.5721871374960756,1.3485359520005296,1.2304632149978716,1.0,1.0,1.0,0.03333333333333333,0.13333333333333333,0.8333333333333334,1.0,1.6217520166663841,0.75,0.7,0.65,0.75,0.7,0.65,0.35,0.5,0.35,0.6,0.8,0.6,0.35,0.5,0.35,0.7166666666666667,0.21666666666666665,0.5666666666666667,0.6666666666666666,0.3666666666666667,0.7666666666666667,0.6166666666666667,0.21666666666666665,0.5666666666666667,0.22365118549554608,-0.11807273700265797,0.050000000000000044,-0.04999999999999993,-0.15000000000000005,-0.15000000000000005,-0.20000000000000007
task_only_00038,00038,task_only,Task Shift Only,00038_MST_task_2026-01-17_11h13.54.018.csv,00038_MST_test_2026-01-17_11h39.48.495.csv,unique_pair,0.8936170212765957,280,150,2.8749478769230055,2.578800122000175,2.489956799999709,1.0,1.0,1.0,0.06666666666666667,0.0,0.9333333333333333,1.0,3.6731954733336654,0.9,0.85,0.85,0.9,0.85,0.85,0.5,0.5,0.5,0.75,0.7,0.6,0.5,0.5,0.5,0.8333333333333334,0.5,0.6833333333333333,0.7833333333333333,0.5,0.6333333333333333,0.7833333333333333,0.5,0.5333333333333333,0.2961477549228304,-0.08884332200046607,0.050000000000000044,0.0,0.0,0.0,-0.09999999999999998
task_only_00039,00039,task_only,Task Shift Only,00039_MST_task_2026-01-17_11h27.57.476.csv,00039_MST_test_2026-01-17_12h10.16.109.csv,unique_pair,0.9545454545454546,280,150,2.009110442500969,1.835596592000802,1.683865994993539,1.0,1.0,1.0,0.0,0.23333333333333334,0.7666666666666667,1.0,2.2393947200034745,0.75,0.75,0.8,0.75,0.75,0.8,0.7,0.75,0.8,0.75,0.75,0.8,0.7,0.75,0.8,0.75,0.4666666666666666,0.75,0.75,0.5166666666666666,0.75,0.8,0.5666666666666667,0.8,0.173513850500167,-0.15173059700726288,0.0,0.050000000000000044,0.050000000000000044,-0.04999999999999999,0.050000000000000044
task_only_00040,00040,task_only,Task Shift Only,00040_MST_task_2026-01-17_15h03.47.022.csv,00040_MST_test_2026-01-17_15h41.52.844.csv,unique_pair,0.9347826086956522,280,150,1.938145812501898,1.7522391539993987,1.6480777674980345,1.0,1.0,1.0,0.03333333333333333,0.13333333333333333,0.8333333333333334,1.0,2.406164140002026,0.7,0.85,0.8,0.7,0.85,0.8,0.6,0.35,0.4,0.8,0.6,0.6,0.6,0.35,0.4,0.6666666666666666,0.4666666666666667,0.7666666666666667,0.8166666666666667,0.21666666666666665,0.5666666666666667,0.7666666666666667,0.2666666666666667,0.5666666666666667,0.18590665850249932,-0.1041613865013642,-0.15000000000000002,-0.04999999999999993,0.05000000000000007,0.25,0.0
task_only_00041,00041,task_only,Task Shift Only,00041_MST_task_2026-01-17_15h38.16.978.csv,00041_MST_test_2026-01-17_16h10.49.006.csv,unique_pair,0.875,280,150,1.7967306024977006,1.5509109673410275,1.4444627149961888,1.0,1.0,1.0,0.13333333333333333,0.03333333333333333,0.8333333333333334,1.0,1.3459618999972007,0.4,0.35,0.3,0.4,0.35,0.3,0.35,0.6,0.55,0.75,0.95,0.85,0.35,0.6,0.55,0.2666666666666667,0.31666666666666665,0.6166666666666667,0.21666666666666665,0.5666666666666667,0.8166666666666667,0.16666666666666666,0.5166666666666667,0.7166666666666667,0.24581963515667304,-0.10644825234483868,0.05000000000000007,-0.04999999999999999,-0.04999999999999993,-0.25,-0.09999999999999998
task_only_00042,00042,task_only,Task Shift Only,00042_MST_task_2026-01-17_16h29.52.993.csv,00042_MST_test_2026-01-17_16h56.53.653.csv,unique_pair,0.9512195121951219,280,150,2.638222094994853,2.5516609919173385,2.549892030004412,1.0,1.0,1.0,0.0,0.06666666666666667,0.9333333333333333,1.0,1.7356766033257978,0.35,0.45,0.65,0.35,0.45,0.65,0.45,0.5,0.35,0.85,0.75,0.7,0.45,0.5,0.35,0.35,0.38333333333333336,0.85,0.45,0.43333333333333335,0.75,0.65,0.2833333333333333,0.7,0.08656110307751463,-0.0017689619129264145,-0.10000000000000003,0.2,-0.15000000000000002,-0.04999999999999999,-0.050000000000000044
task_only_00043,00043,task_only,Task Shift Only,00043_MST_task_2026-01-17_16h59.39.804.csv,00043_MST_test_2026-01-17_17h25.10.870.csv,unique_pair,0.9444444444444444,280,150,2.3890633024951966,2.2530933799993362,2.1661593399978303,1.0,1.0,1.0,0.0,0.5666666666666667,0.43333333333333335,1.0,4.306215606661863,0.75,0.55,0.65,0.75,0.55,0.65,0.7,0.75,0.65,0.7,0.8,0.65,0.7,0.75,0.65,0.75,0.1333333333333333,0.7,0.55,0.18333333333333335,0.8,0.65,0.08333333333333337,0.65,0.13596992249586037,-0.08693404000150595,0.19999999999999996,0.09999999999999998,-0.09999999999999998,-0.050000000000000044,-0.15000000000000002
task_only_00044,00044,task_only,Task Shift Only,00044_MST_task_2026-01-17_17h50.12.146.csv,00044_MST_test_2026-01-17_18h25.01.445.csv,unique_pair,0.9736842105263158,280,150,2.6519466200013992,2.4137901155000145,2.2901006450007118,1.0,1.0,1.0,0.03333333333333333,0.13333333333333333,0.8333333333333334,1.0,2.8923966566663393,0.7,0.7,0.7,0.7,0.7,0.7,0.45,0.35,0.45,0.6,0.5,0.8,0.45,0.35,0.45,0.6666666666666666,0.31666666666666665,0.5666666666666667,0.6666666666666666,0.21666666666666665,0.4666666666666667,0.6666666666666666,0.31666666666666665,0.7666666666666667,0.2381565045013847,-0.12368947049930279,0.0,0.0,0.1,0.1,0.30000000000000004
task_only_00045,00045,task_only,Task Shift Only,00045_MST_task_2026-01-18_10h35.39.680.csv,00045_MST_test_2026-01-18_11h00.57.957.csv,unique_pair,0.8666666666666667,280,150,2.3669866499927594,1.8345726919989103,1.7341331225034082,1.0,1.0,1.0,0.0,0.36666666666666664,0.6333333333333333,1.0,1.8413394399957421,0.65,0.5,0.5,0.65,0.5,0.5,0.25,0.25,0.45,0.6,0.75,0.6,0.25,0.25,0.45,0.65,-0.11666666666666664,0.6,0.5,-0.11666666666666664,0.75,0.5,0.08333333333333337,0.6,0.5324139579938492,-0.10043956949550203,0.15000000000000002,0.0,0.2,0.0,-0.15000000000000002
task_only_00046,00046,task_only,Task Shift Only,00046_MST_task_2026-01-18_11h15.02.395.csv,00046_MST_test_2026-01-18_11h48.54.013.csv,unique_pair,0.9591836734693877,280,150,3.741860660002567,3.0417576605011707,2.9344363450058153,1.0,1.0,1.0,0.0,0.23333333333333334,0.7666666666666667,1.0,3.4961355033350023,0.55,0.5,0.65,0.55,0.5,0.65,0.7,0.55,0.85,0.7,0.75,0.85,0.7,0.55,0.85,0.55,0.4666666666666666,0.7,0.5,0.3166666666666667,0.75,0.65,0.6166666666666667,0.85,0.7001029995013961,-0.1073213154953554,0.050000000000000044,0.15000000000000002,0.3,0.1499999999999999,0.09999999999999998
task_only_00047,00047,task_only,Task Shift Only,00047_MST_task_2026-01-18_12h01.27.453.csv,00047_MST_test_2026-01-18_12h29.07.522.csv,unique_pair,0.94,280,150,2.399286382496939,2.0691157325013774,2.01057232250605,1.0,1.0,1.0,0.03333333333333333,0.16666666666666666,0.8,1.0,1.8859712399969188,0.7,0.9,0.8,0.7,0.9,0.8,0.65,0.45,0.4,0.65,0.45,0.55,0.65,0.45,0.4,0.6666666666666666,0.4833333333333334,0.6166666666666667,0.8666666666666667,0.2833333333333333,0.4166666666666667,0.7666666666666667,0.23333333333333336,0.5166666666666667,0.33017064999556167,-0.058543409995327256,-0.20000000000000007,-0.09999999999999998,-0.04999999999999996,0.20000000000000007,0.10000000000000003
task_only_00048,00048,task_only,Task Shift Only,00048_MST_task_2026-01-18_12h44.08.666.csv,00048_MST_test_2026-01-18_13h09.21.414.csv,unique_pair,0.9310344827586207,280,150,2.0197230599995235,1.8696779930015328,1.8242647400009446,1.0,1.0,1.0,0.0,0.2,0.8,1.0,2.7193420233301975,0.25,0.65,0.7,0.25,0.65,0.7,0.65,0.9,0.5,0.8,0.9,0.55,0.65,0.9,0.5,0.25,0.45,0.8,0.65,0.7,0.9,0.7,0.3,0.55,0.1500450669979907,-0.04541325300058818,-0.4,0.04999999999999993,-0.39999999999999997,-0.24999999999999994,-0.35
task_only_00049,00049,task_only,Task Shift Only,00049_MST_task_2026-01-18_15h14.33.413.csv,00049_MST_test_2026-01-18_15h51.26.110.csv,unique_pair,0.9583333333333334,280,150,2.9959072425052,2.9880459272726605,3.0484394149971195,1.0,1.0,1.0,0.0,0.13333333333333333,0.8666666666666667,1.0,2.631615089999995,0.7,0.55,0.55,0.7,0.55,0.55,0.6,0.6,0.55,0.85,0.8,0.8,0.6,0.6,0.55,0.7,0.4666666666666667,0.85,0.55,0.4666666666666667,0.8,0.55,0.41666666666666674,0.8,0.007861315232539301,0.06039348772445896,0.1499999999999999,0.0,-0.04999999999999993,0.0,0.0
task_only_00050,00050,task_only,Task Shift Only,00050_MST_task_2026-01-18_16h12.54.357.csv,00050_MST_test_2026-01-18_16h37.27.121.csv,unique_pair,0.9302325581395349,280,150,2.192356005000016,1.8854545310000048,1.9622312000000022,1.0,1.0,1.0,0.0,0.2,0.8,1.0,1.8069930133333096,0.3,0.7,0.7,0.3,0.7,0.7,0.45,0.55,0.6,0.75,0.8,0.75,0.45,0.55,0.6,0.3,0.25,0.75,0.7,0.35000000000000003,0.8,0.7,0.39999999999999997,0.75,0.30690147400001133,0.07677666899999736,-0.39999999999999997,0.0,0.04999999999999993,-0.10000000000000003,-0.050000000000000044
task_only_00051,00051,task_only,Task Shift Only,00051_MST_task_2026-01-18_16h47.53.463.csv,00051_MST_test_2026-01-18_17h15.14.453.csv,unique_pair,0.9583333333333334,280,150,3.134964497435855,3.256545273500001,3.012573862499903,1.0,1.0,1.0,0.0,0.03333333333333333,0.9666666666666667,1.0,1.6833599299999757,0.7,0.65,0.55,0.7,0.65,0.55,0.8,0.7,0.7,0.9,0.8,0.8,0.8,0.7,0.7,0.7,0.7666666666666667,0.9,0.65,0.6666666666666666,0.8,0.55,0.6666666666666666,0.8,-0.12158077606414608,-0.24397141100009767,0.04999999999999993,-0.09999999999999998,0.0,0.10000000000000009,0.0
task_only_00052,00052,task_only,Task Shift Only,00052_MST_task_2026-01-18_17h28.15.143.csv,00052_MST_test_2026-01-18_18h26.03.402.csv,unique_pair,0.925,280,150,3.2815188474999557,3.2476881668341626,3.056527457500124,1.0,1.0,1.0,0.06666666666666667,0.4,0.5333333333333333,1.0,2.1869675533334885,0.8,0.7,0.65,0.8,0.7,0.65,0.65,0.65,0.75,0.7,0.75,0.8,0.65,0.65,0.75,0.7333333333333334,0.25,0.6333333333333333,0.6333333333333333,0.25,0.6833333333333333,0.5833333333333334,0.35,0.7333333333333334,0.03383068066579309,-0.19116070933403861,0.10000000000000009,-0.04999999999999993,0.09999999999999998,0.0,0.050000000000000044
task_only_00053,00053,task_only,Task Shift Only,00053_MST_task_2026-01-18_18h34.57.020.csv,00053_MST_test_2026-01-18_19h05.55.236.csv,unique_pair,0.9555555555555556,280,150,2.5928050049988087,2.3776245710029618,2.232277049991535,1.0,1.0,1.0,0.0,0.16666666666666666,0.8333333333333334,1.0,2.1931180700000064,0.6,0.65,0.65,0.6,0.65,0.65,0.8,0.65,0.7,0.8,0.7,0.85,0.8,0.65,0.7,0.6,0.6333333333333334,0.8,0.65,0.4833333333333334,0.7,0.65,0.5333333333333333,0.85,0.21518043399584696,-0.14534752101142656,-0.050000000000000044,0.0,0.04999999999999993,0.15000000000000002,0.15000000000000002
task_only_00054,00054,task_only,Task Shift Only,00054_MST_task_2026-01-18_18h59.11.419.csv,00054_MST_test_2026-01-18_19h26.53.815.csv,unique_pair,0.8367346938775511,280,150,2.760478610259433,2.0341659125634446,2.219091184213635,1.0,1.0,1.0,0.03333333333333333,0.16666666666666666,0.8,1.0,1.796010566665791,0.5,0.35,0.5,0.5,0.35,0.5,0.5,0.35,0.25,0.8,0.8,0.85,0.5,0.35,0.25,0.4666666666666667,0.33333333333333337,0.7666666666666667,0.31666666666666665,0.18333333333333332,0.7666666666666667,0.4666666666666667,0.08333333333333334,0.8166666666666667,0.7263126976959886,0.18492527165019057,0.15000000000000002,0.15000000000000002,-0.09999999999999998,0.15000000000000005,0.04999999999999993
task_only_00055,00055,task_only,Task Shift Only,00055_MST_task_2026-01-18_21h39.30.446.csv,00055_MST_test_2026-01-18_22h10.40.713.csv,unique_pair,0.9361702127659575,280,150,2.782305845001247,2.5685726336695502,2.2234422974972405,1.0,1.0,1.0,0.26666666666666666,0.2,0.5333333333333333,1.0,1.9966888100025244,0.55,0.8,0.75,0.55,0.8,0.75,0.25,0.35,0.05,0.45,0.55,0.4,0.25,0.35,0.05,0.2833333333333334,0.04999999999999999,0.18333333333333335,0.5333333333333334,0.14999999999999997,0.2833333333333334,0.48333333333333334,-0.15000000000000002,0.13333333333333336,0.21373321133169654,-0.3451303361723097,-0.25000000000000006,-0.0500000000000001,-0.3,-0.09999999999999998,-0.15000000000000002
task_only_00056,00056,task_only,Task Shift Only,00056_MST_task_2026-01-19_10h30.41.083.csv,00056_MST_test_2026-01-19_11h07.07.462.csv,unique_pair,0.9807692307692307,280,150,1.6429867249913515,1.5689634385000681,1.574794107498019,1.0,1.0,1.0,0.0,0.16666666666666666,0.8333333333333334,1.0,2.088918853341602,0.5,0.6,0.5,0.5,0.6,0.5,0.9,0.75,0.7,0.95,0.9,0.85,0.9,0.75,0.7,0.5,0.7333333333333334,0.95,0.6,0.5833333333333334,0.9,0.5,0.5333333333333333,0.85,0.07402328649128331,0.005830668997950816,-0.09999999999999998,-0.09999999999999998,-0.050000000000000044,0.15000000000000002,-0.050000000000000044
task_only_00057,00057,task_only,Task Shift Only,00057_MST_task_2026-01-19_11h17.15.155.csv,00057_MST_test_2026-01-19_11h48.50.532.csv,unique_pair,0.92,280,150,2.0947333525065917,1.4752432959989528,1.5242665325000417,1.0,1.0,1.0,0.03333333333333333,0.3,0.6666666666666666,1.0,2.058015123324003,0.5,0.5,0.6,0.5,0.5,0.6,0.6,0.6,0.55,0.8,0.65,0.8,0.6,0.6,0.55,0.4666666666666667,0.3,0.7666666666666667,0.4666666666666667,0.3,0.6166666666666667,0.5666666666666667,0.25000000000000006,0.7666666666666667,0.6194900565076389,0.049023236501088974,0.0,0.09999999999999998,-0.04999999999999993,0.0,0.15000000000000002
task_only_00058,00058,task_only,Task Shift Only,00058_MST_task_2026-01-19_15h01.44.304.csv,00058_MST_test_2026-01-19_15h27.36.538.csv,unique_pair,0.9782608695652174,280,150,2.119468039998901,1.90418604399958,2.1854285075005464,1.0,1.0,1.0,0.0,0.06666666666666667,0.9333333333333333,1.0,1.4857427500008877,0.45,0.6,0.8,0.45,0.6,0.8,0.6,0.45,0.8,0.75,0.5,0.85,0.6,0.45,0.8,0.45,0.5333333333333333,0.75,0.6,0.38333333333333336,0.5,0.8,0.7333333333333334,0.85,0.21528199599932107,0.2812424635009665,-0.14999999999999997,0.20000000000000007,0.35000000000000003,0.14999999999999997,0.35
task_only_00059,00059,task_only,Task Shift Only,00059_MST_task_2026-01-19_16h24.22.614.csv,00059_MST_test_2026-01-19_16h49.56.647.csv,unique_pair,0.9772727272727273,280,150,3.3440343699985533,3.358712641998136,3.3670777549996274,1.0,1.0,1.0,0.03333333333333333,0.23333333333333334,0.7333333333333333,1.0,2.0814267133323785,0.7,0.9,0.9,0.7,0.9,0.9,0.9,0.7,0.75,0.95,0.8,0.8,0.9,0.7,0.75,0.6666666666666666,0.6666666666666667,0.9166666666666666,0.8666666666666667,0.4666666666666666,0.7666666666666667,0.8666666666666667,0.5166666666666666,0.7666666666666667,-0.014678271999582826,0.008365113001491231,-0.20000000000000007,0.0,0.04999999999999999,0.20000000000000012,0.0
task_only_00060,00060,task_only,Task Shift Only,00060_MST_task_2026-01-19_17h07.13.071.csv,00060_MST_test_2026-01-19_17h34.35.123.csv,unique_pair,0.9166666666666666,280,150,1.8569087624986422,1.8398229240000363,1.7742473074991723,1.0,1.0,1.0,0.03333333333333333,0.16666666666666666,0.8,1.0,1.806825809997584,0.75,0.85,0.85,0.75,0.85,0.85,0.55,0.7,0.6,0.8,0.75,0.75,0.55,0.7,0.6,0.7166666666666667,0.3833333333333334,0.7666666666666667,0.8166666666666667,0.5333333333333333,0.7166666666666667,0.8166666666666667,0.43333333333333335,0.7166666666666667,0.0170858384986059,-0.06557561650086408,-0.09999999999999998,0.0,-0.09999999999999998,-0.1499999999999999,0.0
task_only_00061,00061,task_only,Task Shift Only,00061_MST_task_2026-01-19_17h44.07.535.csv,00061_MST_test_2026-01-19_18h08.07.496.csv,unique_pair,1.0,280,150,2.7595332524957485,2.112500904566729,2.3659071846094983,1.0,1.0,1.0,0.06666666666666667,0.16666666666666666,0.7666666666666667,1.0,3.189253580009487,0.95,0.75,0.85,0.95,0.75,0.85,0.6,0.5,0.55,0.65,0.55,0.6,0.6,0.5,0.55,0.8833333333333333,0.43333333333333335,0.5833333333333334,0.6833333333333333,0.33333333333333337,0.4833333333333334,0.7833333333333333,0.3833333333333334,0.5333333333333333,0.6470323479290196,0.25340628004276944,0.19999999999999996,0.09999999999999998,0.050000000000000044,0.09999999999999998,0.04999999999999993
task_only_00062,00062,task_only,Task Shift Only,00062_MST_task_2026-01-19_18h25.43.917.csv,00062_MST_test_2026-01-19_19h46.43.275.csv,unique_pair,0.8297872340425532,280,150,2.0408684499999254,1.8962883654999678,1.898003289999997,1.0,1.0,1.0,0.03333333333333333,0.26666666666666666,0.7,1.0,2.357275609999912,0.8,0.95,0.7,0.8,0.95,0.7,0.45,0.55,0.5,0.85,0.65,0.6,0.45,0.55,0.5,0.7666666666666667,0.18333333333333335,0.8166666666666667,0.9166666666666666,0.2833333333333334,0.6166666666666667,0.6666666666666666,0.23333333333333334,0.5666666666666667,0.14458008449995763,0.0017149245000291913,-0.1499999999999999,-0.25,-0.050000000000000044,-0.10000000000000003,-0.050000000000000044
task_only_00063,00063,task_only,Task Shift Only,00063_MST_task_2026-01-19_21h58.30.655.csv,00063_MST_test_2026-01-19_22h22.35.848.csv,unique_pair,0.9111111111111111,280,150,1.742817710000054,1.408094133000177,1.3339839950001078,1.0,1.0,1.0,0.1,0.13333333333333333,0.7666666666666667,1.0,1.6182400133329793,0.45,0.65,0.5,0.45,0.65,0.5,0.45,0.45,0.4,0.65,0.75,0.6,0.45,0.45,0.4,0.35,0.31666666666666665,0.55,0.55,0.31666666666666665,0.65,0.4,0.2666666666666667,0.5,0.33472357699987687,-0.07411013800006927,-0.20000000000000007,-0.15000000000000002,-0.04999999999999993,0.0,-0.15000000000000002
task_only_00064,00064,task_only,Task Shift Only,00064_MST_task_2026-01-20_10h40.57.117.csv,00064_MST_test_2026-01-20_11h50.51.345.csv,unique_pair,0.8541666666666666,280,150,2.9697622724983375,2.661121240000357,2.643608474994835,1.0,1.0,1.0,0.06666666666666667,0.5333333333333333,0.4,1.0,2.2108015766735964,0.6,0.45,0.35,0.6,0.45,0.35,0.7,0.95,0.75,0.7,1.0,0.75,0.7,0.95,0.75,0.5333333333333333,0.16666666666666663,0.6333333333333333,0.38333333333333336,0.41666666666666663,0.9333333333333333,0.2833333333333333,0.21666666666666667,0.6833333333333333,0.30864103249798047,-0.017512765005522013,0.14999999999999997,-0.10000000000000003,-0.19999999999999996,-0.25,-0.25
task_only_00065,00065,task_only,Task Shift Only,00065_MST_task_2026-01-20_11h49.32.082.csv,00065_MST_test_2026-01-20_12h13.42.600.csv,unique_pair,0.875,280,150,1.8667287100000975,1.8011598472358266,1.7489162300003955,1.0,1.0,1.0,0.0,0.3333333333333333,0.6666666666666666,1.0,1.928049699999489,0.3,0.4,0.6,0.3,0.4,0.6,0.9,0.6,0.8,0.95,0.8,0.85,0.9,0.6,0.8,0.3,0.5666666666666667,0.95,0.4,0.26666666666666666,0.8,0.6,0.46666666666666673,0.85,0.06556886276427099,-0.05224361723543103,-0.10000000000000003,0.19999999999999996,0.20000000000000007,0.3,0.04999999999999993
task_only_00066,00066,task_only,Task Shift Only,00066_MST_task_2026-01-16_10h19.28.668.csv,00066_MST_test_2026-01-16_11h24.31.717.csv,unique_pair,0.9487179487179487,280,150,1.5401137774999143,1.3448648805000425,1.271147257500013,1.0,1.0,1.0,0.16666666666666666,0.13333333333333333,0.7,1.0,1.10771342333328,0.5,0.55,0.6,0.5,0.55,0.6,0.35,0.4,0.35,0.6,0.75,0.75,0.35,0.4,0.35,0.33333333333333337,0.21666666666666665,0.43333333333333335,0.3833333333333334,0.2666666666666667,0.5833333333333334,0.43333333333333335,0.21666666666666665,0.5833333333333334,0.1952488969998718,-0.0737176230000296,-0.050000000000000044,0.04999999999999993,-0.05000000000000007,-0.05000000000000007,0.0
task_only_00067,00067,task_only,Task Shift Only,00067_MST_task_2025-11-17_18h52.18.098.csv,00067_MST_test_2025-11-17_19h45.14.102.csv,unique_pair,0.975609756097561,280,150,3.10555194499957,2.9670473219999987,2.991869014999884,1.0,1.0,1.0,0.0,0.1,0.9,1.0,2.068860316666663,0.8,0.65,0.9,0.8,0.65,0.9,0.9,0.75,0.8,0.95,0.85,0.85,0.9,0.75,0.8,0.8,0.8,0.95,0.65,0.65,0.85,0.9,0.7000000000000001,0.85,0.13850462299957123,0.024821692999885236,0.15000000000000002,0.25,0.050000000000000044,0.15000000000000002,0.0
task_only_00068,00068,task_only,Task Shift Only,00068_MST_task_2026-01-16_22h41.10.264.csv,00068_MST_test_2026-01-16_23h19.04.686.csv,unique_pair,0.9761904761904762,280,150,2.117761882497871,1.9209737470005348,1.8620315799998934,1.0,1.0,1.0,0.03333333333333333,0.2,0.7666666666666667,1.0,2.0915514566683364,0.65,0.7,0.75,0.65,0.7,0.75,0.6,0.65,0.7,0.85,0.75,0.8,0.6,0.65,0.7,0.6166666666666667,0.39999999999999997,0.8166666666666667,0.6666666666666666,0.45,0.7166666666666667,0.7166666666666667,0.49999999999999994,0.7666666666666667,0.1967881354973362,-0.058942167000641366,-0.04999999999999993,0.050000000000000044,0.04999999999999993,-0.050000000000000044,0.050000000000000044
task_only_00069,00069,task_only,Task Shift Only,00069_MST_task_2026-01-25_15h44.35.264.csv,00069_MST_test_2026-01-25_16h10.30.795.csv,unique_pair,0.9512195121951219,280,150,2.6272799425001265,2.4624398314999962,2.2575914950000877,1.0,1.0,1.0,0.0,0.13333333333333333,0.8666666666666667,1.0,2.8218951833335573,0.7,0.6,0.5,0.7,0.6,0.5,0.45,0.45,0.6,0.65,0.7,0.7,0.45,0.45,0.6,0.7,0.31666666666666665,0.65,0.6,0.31666666666666665,0.7,0.5,0.4666666666666667,0.7,0.1648401110001303,-0.20484833649990852,0.09999999999999998,-0.09999999999999998,0.15000000000000002,0.0,0.0
task_only_00070,00070,task_only,Task Shift Only,00070_MST_task_2026-01-16_12h36.17.636.csv,00070_MST_test_2026-01-16_13h00.56.755.csv,unique_pair,,280,150,1.641312445000949,1.4902711920008005,1.3840369749988894,1.0,1.0,1.0,0.0,0.5,0.5,1.0,2.6345305599980446,0.6,0.4,0.45,0.6,0.4,0.45,0.55,0.55,0.65,0.7,0.8,0.75,0.55,0.55,0.65,0.6,0.050000000000000044,0.7,0.4,0.050000000000000044,0.8,0.45,0.15000000000000002,0.75,0.1510412530001486,-0.10623421700191105,0.19999999999999996,0.04999999999999999,0.09999999999999998,0.0,-0.050000000000000044
task_only_00071,00071,task_only,Task Shift Only,00071_MST_task_2025-11-17_18h52.18.098.csv,00071_MST_test_2025-11-17_19h45.14.102.csv,unique_pair,0.975609756097561,280,150,3.10555194499957,2.9670473219999987,2.991869014999884,1.0,1.0,1.0,0.0,0.1,0.9,1.0,2.068860316666663,0.8,0.65,0.9,0.8,0.65,0.9,0.9,0.75,0.8,0.95,0.85,0.85,0.9,0.75,0.8,0.8,0.8,0.95,0.65,0.65,0.85,0.9,0.7000000000000001,0.85,0.13850462299957123,0.024821692999885236,0.15000000000000002,0.25,0.050000000000000044,0.15000000000000002,0.0
task_only_00072,00072,task_only,Task Shift Only,00072_MST_task_2026-01-18_11h30.21.482.csv,00072_MST_test_2026-01-18_11h57.30.393.csv,unique_pair,1.0,280,150,3.13959240500335,2.817125480807259,2.5931026750018646,1.0,1.0,1.0,0.0,0.03333333333333333,0.9666666666666667,1.0,2.7721021333301907,0.0,0.0,0.0,0.0,0.0,0.0,0.05,0.05,0.1,1.0,1.0,1.0,0.05,0.05,0.1,0.0,0.01666666666666667,1.0,0.0,0.01666666666666667,1.0,0.0,0.06666666666666668,1.0,0.3224669241960907,-0.22402280580539458,0.0,0.0,0.05000000000000001,0.0,0.0
